uid,namedLocation,domainID,siteID,plotID,setDate,collectDate,subsampleID,subsampleCode,taxonID,scientificName,sex,testingID,testingIDCode,archiveID,archiveIDCode,individualIDList
"5913bfee-2d75-426a-b42e-45bbc4744b6d","UNDE_072.mosquitoPoint.mos","D05","UNDE","UNDE_072","2023-08-09T23:13Z","2023-08-10T12:23Z","UNDE_072.20230810.0723.S.01",,"AEDSTI1","Aedes stimulans","F",,,"UNDE.2023.32.AEDSTI1.F.A",,"MOS.D05.001730"
"33eb8678-00ef-4ef4-ad5e-4aecf482cfa8","UNDE_072.mosquitoPoint.mos","D05","UNDE","UNDE_072","2023-08-09T23:13Z","2023-08-10T12:23Z","UNDE_072.20230810.0723.S.01",,"ANOPUN","Anopheles punctipennis","F",,,"UNDE.2023.32.ANOPUN.F.A",,
"e4ae3675-7310-4442-8f31-fc3a715f8e7b","UNDE_072.mosquitoPoint.mos","D05","UNDE","UNDE_072","2023-08-09T23:13Z","2023-08-10T12:23Z","UNDE_072.20230810.0723.S.01",,"AEDCAN3","Aedes canadensis canadensis","F",,,"UNDE.2023.32.AEDCAN3.F.A",,
"f49b8056-9a86-427a-a77b-2575ddd7326d","UNDE_072.mosquitoPoint.mos","D05","UNDE","UNDE_072","2023-08-09T23:13Z","2023-08-10T12:23Z","UNDE_072.20230810.0723.S.01",,"AEDPUN","Aedes punctor","F",,,"UNDE.2023.32.AEDPUN.F.A",,
"41876169-8c20-4c38-9ec5-bba89a6de4d3","UNDE_072.mosquitoPoint.mos","D05","UNDE","UNDE_072","2023-08-09T23:13Z","2023-08-10T12:23Z","UNDE_072.20230810.0723.S.01",,"AEDCIN","Aedes cinereus","F",,,"UNDE.2023.32.AEDCIN.F.A",,
"a61c7936-6849-4c55-b9cb-c520c9ba1a7f","UNDE_072.mosquitoPoint.mos","D05","UNDE","UNDE_072","2023-08-09T23:13Z","2023-08-10T12:23Z","UNDE_072.20230810.0723.S.01",,"AEDDIA","Aedes diantaeus","F",,,"UNDE.2023.32.AEDDIA.F.A",,
"ca8b8770-5a4e-4cdc-a139-a26feb85dbbf","UNDE_072.mosquitoPoint.mos","D05","UNDE","UNDE_072","2023-08-09T23:13Z","2023-08-10T12:23Z","UNDE_072.20230810.0723.S.01",,"CULMEL","Culiseta melanura","F",,,"UNDE.2023.32.CULMEL.F.A",,
"602abf40-93a8-4c87-b278-67a827894c3f","UNDE_072.mosquitoPoint.mos","D05","UNDE","UNDE_072","2023-08-09T23:13Z","2023-08-10T12:23Z","UNDE_072.20230810.0723.S.01",,"COQPER","Coquillettidia perturbans","M",,,"UNDE.2023.32.COQPER.M.A",,
"f45d0404-ac22-463e-b334-acfb3b70497c","UNDE_072.mosquitoPoint.mos","D05","UNDE","UNDE_072","2023-08-09T23:13Z","2023-08-10T12:23Z","UNDE_072.20230810.0723.S.01",,"AEDCOM","Aedes communis","F",,,"UNDE.2023.32.AEDCOM.F.A",,
"6806d159-11aa-475f-9f15-9448924f018f","UNDE_072.mosquitoPoint.mos","D05","UNDE","UNDE_072","2023-08-09T23:13Z","2023-08-10T12:23Z","UNDE_072.20230810.0723.S.01",,"AEDEXC","Aedes excrucians","F",,,"UNDE.2023.32.AEDEXC.F.A",,
"04bdfb61-82a9-4697-b527-305b784d47d9","UNDE_072.mosquitoPoint.mos","D05","UNDE","UNDE_072","2023-08-09T23:13Z","2023-08-10T12:23Z","UNDE_072.20230810.0723.S.01",,"COQPER","Coquillettidia perturbans","F",,,"UNDE.2023.32.COQPER.F.A",,
"f8ad7a26-c71f-44a8-b409-0d9fb1b1c4cb","UNDE_071.mosquitoPoint.mos","D05","UNDE","UNDE_071","2023-08-09T23:26Z","2023-08-10T12:44Z","UNDE_071.20230810.0744.S.01",,"AEDCIN","Aedes cinereus","F",,,"UNDE.2023.32.AEDCIN.F.A",,
"409ee0c0-2da7-47a6-8507-5d26eb651f83","UNDE_071.mosquitoPoint.mos","D05","UNDE","UNDE_071","2023-08-09T23:26Z","2023-08-10T12:44Z","UNDE_071.20230810.0744.S.01",,"CULMEL","Culiseta melanura","F",,,"UNDE.2023.32.CULMEL.F.A",,
"18f97ba8-f32c-4154-b293-790c77607b72","UNDE_071.mosquitoPoint.mos","D05","UNDE","UNDE_071","2023-08-09T23:26Z","2023-08-10T12:44Z","UNDE_071.20230810.0744.S.01",,"AEDFIT","Aedes fitchii","F",,,"UNDE.2023.32.AEDFIT.F.A",,
"4a017a5f-2e99-4ab3-af42-f8b74d397ff5","UNDE_071.mosquitoPoint.mos","D05","UNDE","UNDE_071","2023-08-09T23:26Z","2023-08-10T12:44Z","UNDE_071.20230810.0744.S.01",,"AEDPUN","Aedes punctor","F",,,"UNDE.2023.32.AEDPUN.F.A",,
"878fddde-fbad-4b3f-bd07-44c89719de2e","UNDE_071.mosquitoPoint.mos","D05","UNDE","UNDE_071","2023-08-09T23:26Z","2023-08-10T12:44Z","UNDE_071.20230810.0744.S.01",,"AEDCOM","Aedes communis","F",,,"UNDE.2023.32.AEDCOM.F.A",,
"cbd4a73a-27d6-49a5-8584-c4c87af8738e","UNDE_071.mosquitoPoint.mos","D05","UNDE","UNDE_071","2023-08-09T23:26Z","2023-08-10T12:44Z","UNDE_071.20230810.0744.S.01",,"AEDSPP","Aedes sp.","F",,,"UNDE.2023.32.AEDSPP.F.A",,
"f82a42a6-2c83-4f9f-be71-108be672534a","UNDE_071.mosquitoPoint.mos","D05","UNDE","UNDE_071","2023-08-09T23:26Z","2023-08-10T12:44Z","UNDE_071.20230810.0744.S.01",,"AEDPRO","Aedes provocans","F",,,"UNDE.2023.32.AEDPRO.F.A",,
"4d9d9f1c-cb0d-403a-9fb2-a023394ca60e","UNDE_071.mosquitoPoint.mos","D05","UNDE","UNDE_071","2023-08-09T23:26Z","2023-08-10T12:44Z","UNDE_071.20230810.0744.S.01",,"COQPER","Coquillettidia perturbans","M",,,"UNDE.2023.32.COQPER.M.A",,
"990b5b94-60ae-4af0-82bd-d3c6b8b96847","UNDE_071.mosquitoPoint.mos","D05","UNDE","UNDE_071","2023-08-09T23:26Z","2023-08-10T12:44Z","UNDE_071.20230810.0744.S.01",,"COQPER","Coquillettidia perturbans","F",,,"UNDE.2023.32.COQPER.F.A",,
"d1fc41c0-a59f-40f8-bfcc-560b1e8e799c","UNDE_071.mosquitoPoint.mos","D05","UNDE","UNDE_071","2023-08-09T23:26Z","2023-08-10T12:44Z","UNDE_071.20230810.0744.S.01",,"AEDDIA","Aedes diantaeus","F",,,"UNDE.2023.32.AEDDIA.F.A",,
"0cafd50f-b356-4c8d-b779-27267f7cdf55","UNDE_071.mosquitoPoint.mos","D05","UNDE","UNDE_071","2023-08-09T23:26Z","2023-08-10T12:44Z","UNDE_071.20230810.0744.S.01",,"AEDSTI1","Aedes stimulans","F",,,"UNDE.2023.32.AEDSTI1.F.A",,
"3eabbe7a-8951-4cab-bff0-d65c6eb3c7cd","UNDE_071.mosquitoPoint.mos","D05","UNDE","UNDE_071","2023-08-09T23:26Z","2023-08-10T12:44Z","UNDE_071.20230810.0744.S.01",,"AEDEXC","Aedes excrucians","F",,,"UNDE.2023.32.AEDEXC.F.A",,
"2e7cfe1e-2015-4ec9-a6f3-76a4f297aa1a","UNDE_071.mosquitoPoint.mos","D05","UNDE","UNDE_071","2023-08-09T23:26Z","2023-08-10T12:44Z","UNDE_071.20230810.0744.S.01",,"AEDCAN3","Aedes canadensis canadensis","F",,,"UNDE.2023.32.AEDCAN3.F.A",,
"6693a961-10e5-46da-97e2-16ea8919cc2d","UNDE_071.mosquitoPoint.mos","D05","UNDE","UNDE_071","2023-08-09T23:26Z","2023-08-10T12:44Z","UNDE_071.20230810.0744.S.01",,"AEDVEX","Aedes vexans","F",,,"UNDE.2023.32.AEDVEX.F.A",,
"df56c592-01ce-470c-9a00-9aa5f37b7559","UNDE_071.mosquitoPoint.mos","D05","UNDE","UNDE_071","2023-08-09T23:26Z","2023-08-10T12:44Z","UNDE_071.20230810.0744.S.01",,"ANOPUN","Anopheles punctipennis","F",,,"UNDE.2023.32.ANOPUN.F.A",,
"cb4d0ecf-1b2d-46c6-bd81-c55c40049e0c","UNDE_071.mosquitoPoint.mos","D05","UNDE","UNDE_071","2023-08-09T23:26Z","2023-08-10T12:44Z","UNDE_071.20230810.0744.S.01",,"ANOWAL","Anopheles walkeri","F",,,"UNDE.2023.32.ANOWAL.F.A",,
"82bc02ca-227d-4872-97f3-07198765ca4f","UNDE_071.mosquitoPoint.mos","D05","UNDE","UNDE_071","2023-08-09T23:26Z","2023-08-10T12:44Z","UNDE_071.20230810.0744.S.01",,"CULMOR","Culiseta morsitans","F",,,"UNDE.2023.32.CULMOR.F.A",,
"9d082f8a-794d-4456-b7ad-e275d5db36bf","UNDE_066.mosquitoPoint.mos","D05","UNDE","UNDE_066","2023-08-09T23:35Z","2023-08-10T12:55Z","UNDE_066.20230810.0755.S.01",,"AEDSTI","Aedes sticticus","F",,,,,"MOS.D05.001743"
"ad4591e8-2a3f-4413-b056-d57b884fac86","UNDE_066.mosquitoPoint.mos","D05","UNDE","UNDE_066","2023-08-09T23:35Z","2023-08-10T12:55Z","UNDE_066.20230810.0755.S.01",,"AEDDIA","Aedes diantaeus","F",,,"UNDE.2023.32.AEDDIA.F.A",,
"d51ec357-dc45-4c3a-83a7-3c938a6d5a04","UNDE_066.mosquitoPoint.mos","D05","UNDE","UNDE_066","2023-08-09T23:35Z","2023-08-10T12:55Z","UNDE_066.20230810.0755.S.01",,"AEDCOM","Aedes communis","F",,,"UNDE.2023.32.AEDCOM.F.A",,
"5004de5e-5565-442b-a502-331dba4d8d6b","UNDE_066.mosquitoPoint.mos","D05","UNDE","UNDE_066","2023-08-09T23:35Z","2023-08-10T12:55Z","UNDE_066.20230810.0755.S.01",,"AEDFIT","Aedes fitchii","F",,,"UNDE.2023.32.AEDFIT.F.A",,
"42fc8327-46ab-43fa-a77d-ebad8b5cd587","UNDE_066.mosquitoPoint.mos","D05","UNDE","UNDE_066","2023-08-09T23:35Z","2023-08-10T12:55Z","UNDE_066.20230810.0755.S.01",,"AEDSPP","Aedes sp.","F",,,"UNDE.2023.32.AEDSPP.F.A",,
"8cb474bc-6459-4746-be6a-2a5844044ed3","UNDE_066.mosquitoPoint.mos","D05","UNDE","UNDE_066","2023-08-09T23:35Z","2023-08-10T12:55Z","UNDE_066.20230810.0755.S.01",,"AEDCAN3","Aedes canadensis canadensis","F",,,"UNDE.2023.32.AEDCAN3.F.A",,
"00578649-673c-40b5-a991-2b0f86e1cc85","UNDE_066.mosquitoPoint.mos","D05","UNDE","UNDE_066","2023-08-09T23:35Z","2023-08-10T12:55Z","UNDE_066.20230810.0755.S.01",,"AEDCIN","Aedes cinereus","F",,,"UNDE.2023.32.AEDCIN.F.A",,
"6cdbef66-ba98-4659-a5a9-e8c280c4551b","UNDE_066.mosquitoPoint.mos","D05","UNDE","UNDE_066","2023-08-09T23:35Z","2023-08-10T12:55Z","UNDE_066.20230810.0755.S.01",,"AEDPUN","Aedes punctor","F",,,"UNDE.2023.32.AEDPUN.F.A",,
"7a365409-97d6-413d-957a-3944df2c2b6a","UNDE_066.mosquitoPoint.mos","D05","UNDE","UNDE_066","2023-08-09T23:35Z","2023-08-10T12:55Z","UNDE_066.20230810.0755.S.01",,"COQPER","Coquillettidia perturbans","F",,,"UNDE.2023.32.COQPER.F.A",,
"07e2adcf-a77c-4b24-9eff-f42093ddee40","UNDE_066.mosquitoPoint.mos","D05","UNDE","UNDE_066","2023-08-09T23:35Z","2023-08-10T12:55Z","UNDE_066.20230810.0755.S.01",,"CULMOR","Culiseta morsitans","F",,,"UNDE.2023.32.CULMOR.F.A",,
"c41d6262-8d88-4d49-be25-387ae903ab6c","UNDE_066.mosquitoPoint.mos","D05","UNDE","UNDE_066","2023-08-09T23:35Z","2023-08-10T12:55Z","UNDE_066.20230810.0755.S.01",,"AEDEXC","Aedes excrucians","F",,,"UNDE.2023.32.AEDEXC.F.A",,
"f22cb2d9-cc7f-4144-8898-7ec7238b4490","UNDE_075.mosquitoPoint.mos","D05","UNDE","UNDE_075","2023-08-09T23:41Z","2023-08-10T13:07Z","UNDE_075.20230810.0807.S.01",,"COQPER","Coquillettidia perturbans","F",,,"UNDE.2023.32.COQPER.F.A",,
"6bcb05c6-2ca5-4c06-b0d6-defd26ce0d39","UNDE_075.mosquitoPoint.mos","D05","UNDE","UNDE_075","2023-08-09T23:41Z","2023-08-10T13:07Z","UNDE_075.20230810.0807.S.01",,"AEDFIT","Aedes fitchii","F",,,"UNDE.2023.32.AEDFIT.F.A",,
"a01412d4-7a67-4fa1-8dd4-72f8716f4df1","UNDE_075.mosquitoPoint.mos","D05","UNDE","UNDE_075","2023-08-09T23:41Z","2023-08-10T13:07Z","UNDE_075.20230810.0807.S.01",,"AEDVEX","Aedes vexans","F",,,"UNDE.2023.32.AEDVEX.F.A",,
"60fd0b20-4a57-47f9-81d1-61137537af12","UNDE_075.mosquitoPoint.mos","D05","UNDE","UNDE_075","2023-08-09T23:41Z","2023-08-10T13:07Z","UNDE_075.20230810.0807.S.01",,"ANOWAL","Anopheles walkeri","F",,,,,"MOS.D05.001772"
"cafea574-ee51-4550-a892-338dce7e0e33","UNDE_075.mosquitoPoint.mos","D05","UNDE","UNDE_075","2023-08-09T23:41Z","2023-08-10T13:07Z","UNDE_075.20230810.0807.S.01",,"AEDDIA","Aedes diantaeus","F",,,"UNDE.2023.32.AEDDIA.F.A",,
"b57c1f9b-449d-4f11-bbe7-3c7791aaf7ad","UNDE_075.mosquitoPoint.mos","D05","UNDE","UNDE_075","2023-08-09T23:41Z","2023-08-10T13:07Z","UNDE_075.20230810.0807.S.01",,"AEDCOM","Aedes communis","F",,,"UNDE.2023.32.AEDCOM.F.A",,
"74433f37-308c-45dc-8d2b-2ffdd1d8ec9e","UNDE_075.mosquitoPoint.mos","D05","UNDE","UNDE_075","2023-08-09T23:41Z","2023-08-10T13:07Z","UNDE_075.20230810.0807.S.01",,"COQPER","Coquillettidia perturbans","M",,,"UNDE.2023.32.COQPER.M.A",,"MOS.D05.001799|MOS.D05.001800"
"2e951cb0-155e-4685-b10b-27618e9fe3b9","UNDE_075.mosquitoPoint.mos","D05","UNDE","UNDE_075","2023-08-09T23:41Z","2023-08-10T13:07Z","UNDE_075.20230810.0807.S.01",,"AEDCIN","Aedes cinereus","F",,,"UNDE.2023.32.AEDCIN.F.A",,
"1a56e9c8-4ede-4b04-8315-0e5a8b0d0cb3","UNDE_075.mosquitoPoint.mos","D05","UNDE","UNDE_075","2023-08-09T23:41Z","2023-08-10T13:07Z","UNDE_075.20230810.0807.S.01",,"AEDSPP","Aedes sp.","F",,,"UNDE.2023.32.AEDSPP.F.A",,
"eab680e3-58da-4151-8130-7eebc33e8b48","UNDE_075.mosquitoPoint.mos","D05","UNDE","UNDE_075","2023-08-09T23:41Z","2023-08-10T13:07Z","UNDE_075.20230810.0807.S.01",,"AEDPUN","Aedes punctor","F",,,"UNDE.2023.32.AEDPUN.F.A",,
"e8b25a38-4363-4c8c-ba16-a5d7f55ede94","UNDE_075.mosquitoPoint.mos","D05","UNDE","UNDE_075","2023-08-09T23:41Z","2023-08-10T13:07Z","UNDE_075.20230810.0807.S.01",,"AEDEXC","Aedes excrucians","F",,,"UNDE.2023.32.AEDEXC.F.A",,
"9be479a4-cccb-44fb-8288-43ee2592af77","UNDE_075.mosquitoPoint.mos","D05","UNDE","UNDE_075","2023-08-09T23:41Z","2023-08-10T13:07Z","UNDE_075.20230810.0807.S.01",,"AEDCAN3","Aedes canadensis canadensis","F",,,"UNDE.2023.32.AEDCAN3.F.A",,
"d5060604-8c32-43fb-bf77-7b85e0fb4244","UNDE_075.mosquitoPoint.mos","D05","UNDE","UNDE_075","2023-08-09T23:41Z","2023-08-10T13:07Z","UNDE_075.20230810.0807.S.01",,"ANOPUN","Anopheles punctipennis","F",,,"UNDE.2023.32.ANOPUN.F.A",,
"7c9db294-fba6-41a7-b1c3-936d51e5f69f","UNDE_073.mosquitoPoint.mos","D05","UNDE","UNDE_073","2023-08-09T23:47Z","2023-08-10T13:22Z","UNDE_073.20230810.0822.S.01",,"AEDVEX","Aedes vexans","F",,,"UNDE.2023.32.AEDVEX.F.A",,
"09b2d55a-9b42-45b6-b2a7-9d4495e45bd0","UNDE_073.mosquitoPoint.mos","D05","UNDE","UNDE_073","2023-08-09T23:47Z","2023-08-10T13:22Z","UNDE_073.20230810.0822.S.01",,"AEDCIN","Aedes cinereus","F",,,"UNDE.2023.32.AEDCIN.F.A",,
"40983326-29ec-4dd9-a732-3db94b186fbf","UNDE_073.mosquitoPoint.mos","D05","UNDE","UNDE_073","2023-08-09T23:47Z","2023-08-10T13:22Z","UNDE_073.20230810.0822.S.01",,"AEDCOM","Aedes communis","F",,,"UNDE.2023.32.AEDCOM.F.A",,
"2cd76a43-94aa-42ec-96fe-efd76ec1bb01","UNDE_073.mosquitoPoint.mos","D05","UNDE","UNDE_073","2023-08-09T23:47Z","2023-08-10T13:22Z","UNDE_073.20230810.0822.S.01",,"AEDPUN","Aedes punctor","F",,,"UNDE.2023.32.AEDPUN.F.A",,
"b6fc6154-4248-4d2e-9bf3-568a8a10625c","UNDE_073.mosquitoPoint.mos","D05","UNDE","UNDE_073","2023-08-09T23:47Z","2023-08-10T13:22Z","UNDE_073.20230810.0822.S.01",,"COQPER","Coquillettidia perturbans","F",,,"UNDE.2023.32.COQPER.F.A",,
"691137e1-99d0-4821-a750-9d08f62fa628","UNDE_073.mosquitoPoint.mos","D05","UNDE","UNDE_073","2023-08-09T23:47Z","2023-08-10T13:22Z","UNDE_073.20230810.0822.S.01",,"AEDCAN3","Aedes canadensis canadensis","F",,,"UNDE.2023.32.AEDCAN3.F.A",,
"8cee43b0-324a-426d-879b-47de1d57258f","UNDE_073.mosquitoPoint.mos","D05","UNDE","UNDE_073","2023-08-09T23:47Z","2023-08-10T13:22Z","UNDE_073.20230810.0822.S.01",,"CULMEL","Culiseta melanura","F",,,"UNDE.2023.32.CULMEL.F.A",,
"069e8c24-4a06-44ad-9dca-34b057045b19","UNDE_073.mosquitoPoint.mos","D05","UNDE","UNDE_073","2023-08-09T23:47Z","2023-08-10T13:22Z","UNDE_073.20230810.0822.S.01",,"CULMOR","Culiseta morsitans","F",,,"UNDE.2023.32.CULMOR.F.A",,
"0ebbc370-9a7c-43dd-a4b5-8ecb8103c01c","UNDE_073.mosquitoPoint.mos","D05","UNDE","UNDE_073","2023-08-09T23:47Z","2023-08-10T13:22Z","UNDE_073.20230810.0822.S.01",,"AEDFIT","Aedes fitchii","F",,,"UNDE.2023.32.AEDFIT.F.A",,
"d3dbde68-3f0e-47d2-94a1-0476db9e03a7","UNDE_073.mosquitoPoint.mos","D05","UNDE","UNDE_073","2023-08-09T23:47Z","2023-08-10T13:22Z","UNDE_073.20230810.0822.S.01",,"AEDEXC","Aedes excrucians","F",,,"UNDE.2023.32.AEDEXC.F.A",,
"19305a6a-87a3-4ca1-9480-8ea77532462b","UNDE_073.mosquitoPoint.mos","D05","UNDE","UNDE_073","2023-08-09T23:47Z","2023-08-10T13:22Z","UNDE_073.20230810.0822.S.01",,"AEDDIA","Aedes diantaeus","F",,,"UNDE.2023.32.AEDDIA.F.A",,"MOS.D05.001663|MOS.D05.001664"
"29d7b0be-97bd-4fd4-a1fd-86fad1923791","UNDE_070.mosquitoPoint.mos","D05","UNDE","UNDE_070","2023-08-09T23:55Z","2023-08-10T13:36Z","UNDE_070.20230810.0836.S.01",,"COQPER","Coquillettidia perturbans","M",,,"UNDE.2023.32.COQPER.M.A",,
"5afdc5c8-e4b1-4bbc-9085-186c31b37a38","UNDE_070.mosquitoPoint.mos","D05","UNDE","UNDE_070","2023-08-09T23:55Z","2023-08-10T13:36Z","UNDE_070.20230810.0836.S.01",,"AEDSPP","Aedes sp.","F",,,"UNDE.2023.32.AEDSPP.F.A",,
"8f596d90-74fb-4d0a-8246-2b002de6ed33","UNDE_070.mosquitoPoint.mos","D05","UNDE","UNDE_070","2023-08-09T23:55Z","2023-08-10T13:36Z","UNDE_070.20230810.0836.S.01",,"AEDVEX","Aedes vexans","F",,,"UNDE.2023.32.AEDVEX.F.A",,
"43550e79-1bac-403f-b6c7-61454e02a6cb","UNDE_070.mosquitoPoint.mos","D05","UNDE","UNDE_070","2023-08-09T23:55Z","2023-08-10T13:36Z","UNDE_070.20230810.0836.S.01",,"AEDSTI1","Aedes stimulans","F",,,"UNDE.2023.32.AEDSTI1.F.A",,
"18400d36-a35a-45ab-983f-755cda4f8360","UNDE_070.mosquitoPoint.mos","D05","UNDE","UNDE_070","2023-08-09T23:55Z","2023-08-10T13:36Z","UNDE_070.20230810.0836.S.01",,"CULMEL","Culiseta melanura","F",,,"UNDE.2023.32.CULMEL.F.A",,
"f77bcfbb-001e-4fb4-874b-d945a228f969","UNDE_070.mosquitoPoint.mos","D05","UNDE","UNDE_070","2023-08-09T23:55Z","2023-08-10T13:36Z","UNDE_070.20230810.0836.S.01",,"ANOPUN","Anopheles punctipennis","F",,,"UNDE.2023.32.ANOPUN.F.A",,
"a5f32625-e369-4aed-b2a1-ec53fe742a59","UNDE_070.mosquitoPoint.mos","D05","UNDE","UNDE_070","2023-08-09T23:55Z","2023-08-10T13:36Z","UNDE_070.20230810.0836.S.01",,"AEDCIN","Aedes cinereus","F",,,"UNDE.2023.32.AEDCIN.F.A",,
"1869e070-bb50-4ac7-bb81-7ab998e2c29d","UNDE_070.mosquitoPoint.mos","D05","UNDE","UNDE_070","2023-08-09T23:55Z","2023-08-10T13:36Z","UNDE_070.20230810.0836.S.01",,"COQPER","Coquillettidia perturbans","F",,,"UNDE.2023.32.COQPER.F.A",,
"9c1a0d26-193a-4f4b-895e-404499ca53e7","UNDE_070.mosquitoPoint.mos","D05","UNDE","UNDE_070","2023-08-09T23:55Z","2023-08-10T13:36Z","UNDE_070.20230810.0836.S.01",,"AEDEXC","Aedes excrucians","F",,,"UNDE.2023.32.AEDEXC.F.A",,
"8a7c24cd-a989-4351-9a09-0f3056919d44","UNDE_070.mosquitoPoint.mos","D05","UNDE","UNDE_070","2023-08-09T23:55Z","2023-08-10T13:36Z","UNDE_070.20230810.0836.S.01",,"AEDPUN","Aedes punctor","F",,,"UNDE.2023.32.AEDPUN.F.A",,
"e2df1223-19a5-4b80-8d3d-d2d2e64538e9","UNDE_070.mosquitoPoint.mos","D05","UNDE","UNDE_070","2023-08-09T23:55Z","2023-08-10T13:36Z","UNDE_070.20230810.0836.S.01",,"AEDCOM","Aedes communis","F",,,"UNDE.2023.32.AEDCOM.F.A",,
"b14dca2f-98af-4492-b1d9-b0071a433040","UNDE_070.mosquitoPoint.mos","D05","UNDE","UNDE_070","2023-08-09T23:55Z","2023-08-10T13:36Z","UNDE_070.20230810.0836.S.01",,"CULMOR","Culiseta morsitans","F",,,"UNDE.2023.32.CULMOR.F.A",,"MOS.D05.001843|MOS.D05.001844"
"bdc52357-9697-4420-a21a-452b4fc26ff2","UNDE_070.mosquitoPoint.mos","D05","UNDE","UNDE_070","2023-08-09T23:55Z","2023-08-10T13:36Z","UNDE_070.20230810.0836.S.01",,"AEDDIA","Aedes diantaeus","F",,,"UNDE.2023.32.AEDDIA.F.A",,
"10ab96e5-0eb8-42c5-b170-c6417956d390","UNDE_067.mosquitoPoint.mos","D05","UNDE","UNDE_067","2023-08-10T00:11Z","2023-08-10T13:51Z","UNDE_067.20230810.0851.S.01",,"AEDSPP","Aedes sp.","F",,,"UNDE.2023.32.AEDSPP.F.A",,
"5284c582-81de-41d5-8997-12807b16d698","UNDE_067.mosquitoPoint.mos","D05","UNDE","UNDE_067","2023-08-10T00:11Z","2023-08-10T13:51Z","UNDE_067.20230810.0851.S.01",,"AEDFIT","Aedes fitchii","F",,,"UNDE.2023.32.AEDFIT.F.A",,
"8ad6fb9f-0cd4-486c-af83-fc70b8e1d195","UNDE_067.mosquitoPoint.mos","D05","UNDE","UNDE_067","2023-08-10T00:11Z","2023-08-10T13:51Z","UNDE_067.20230810.0851.S.01",,"AEDCOM","Aedes communis","F",,,"UNDE.2023.32.AEDCOM.F.A",,
"cc6ae1b3-0a94-4ce7-aa9e-219815feb8a6","UNDE_067.mosquitoPoint.mos","D05","UNDE","UNDE_067","2023-08-10T00:11Z","2023-08-10T13:51Z","UNDE_067.20230810.0851.S.01",,"CULMEL","Culiseta melanura","F",,,"UNDE.2023.32.CULMEL.F.A",,
"e1726a8e-46c9-4bd2-8d82-e7203dbe08cb","UNDE_067.mosquitoPoint.mos","D05","UNDE","UNDE_067","2023-08-10T00:11Z","2023-08-10T13:51Z","UNDE_067.20230810.0851.S.01",,"ANOPUN","Anopheles punctipennis","F",,,"UNDE.2023.32.ANOPUN.F.A",,
"f8ce3618-4bbf-49a1-af3e-720dc3e86320","UNDE_067.mosquitoPoint.mos","D05","UNDE","UNDE_067","2023-08-10T00:11Z","2023-08-10T13:51Z","UNDE_067.20230810.0851.S.01",,"AEDEXC","Aedes excrucians","F",,,"UNDE.2023.32.AEDEXC.F.A",,
"329af253-b846-4beb-85ee-0d4baf7aaa6f","UNDE_067.mosquitoPoint.mos","D05","UNDE","UNDE_067","2023-08-10T00:11Z","2023-08-10T13:51Z","UNDE_067.20230810.0851.S.01",,"AEDDIA","Aedes diantaeus","F",,,"UNDE.2023.32.AEDDIA.F.A",,
"264abe2c-b9c6-4465-afe5-bdafa8e0edca","UNDE_067.mosquitoPoint.mos","D05","UNDE","UNDE_067","2023-08-10T00:11Z","2023-08-10T13:51Z","UNDE_067.20230810.0851.S.01",,"AEDCIN","Aedes cinereus","F",,,"UNDE.2023.32.AEDCIN.F.A",,
"d4925547-f2f1-4fb0-9f5d-eee4d0581a78","UNDE_067.mosquitoPoint.mos","D05","UNDE","UNDE_067","2023-08-10T00:11Z","2023-08-10T13:51Z","UNDE_067.20230810.0851.S.01",,"COQPER","Coquillettidia perturbans","F",,,"UNDE.2023.32.COQPER.F.A",,
"bd325ee2-617e-47a4-bb27-9a71020bf384","UNDE_067.mosquitoPoint.mos","D05","UNDE","UNDE_067","2023-08-10T00:11Z","2023-08-10T13:51Z","UNDE_067.20230810.0851.S.01",,"COQPER","Coquillettidia perturbans","M",,,"UNDE.2023.32.COQPER.M.A",,
"11bd4ba9-bfdd-428a-9fcb-37eda80f371a","UNDE_067.mosquitoPoint.mos","D05","UNDE","UNDE_067","2023-08-10T00:11Z","2023-08-10T13:51Z","UNDE_067.20230810.0851.S.01",,"AEDPUN","Aedes punctor","F",,,"UNDE.2023.32.AEDPUN.F.A",,
"4f826201-2570-4188-9427-13162d894ea8","UNDE_068.mosquitoPoint.mos","D05","UNDE","UNDE_068","2023-08-10T00:24Z","2023-08-10T14:05Z","UNDE_068.20230810.0905.S.01",,"AEDCAN3","Aedes canadensis canadensis","F",,,"UNDE.2023.32.AEDCAN3.F.A",,
"b369ecfa-fee7-49db-8d56-dc89c5677899","UNDE_068.mosquitoPoint.mos","D05","UNDE","UNDE_068","2023-08-10T00:24Z","2023-08-10T14:05Z","UNDE_068.20230810.0905.S.01",,"AEDEXC","Aedes excrucians","F",,,"UNDE.2023.32.AEDEXC.F.A",,
"0361a3fb-12f6-4f65-8d23-e227ccee80a1","UNDE_068.mosquitoPoint.mos","D05","UNDE","UNDE_068","2023-08-10T00:24Z","2023-08-10T14:05Z","UNDE_068.20230810.0905.S.01",,"ANOPUN","Anopheles punctipennis","F",,,"UNDE.2023.32.ANOPUN.F.A",,"MOS.D05.001766|MOS.D05.001767"
"0a0383d2-6fad-4c8d-aae1-720791135299","UNDE_068.mosquitoPoint.mos","D05","UNDE","UNDE_068","2023-08-10T00:24Z","2023-08-10T14:05Z","UNDE_068.20230810.0905.S.01",,"AEDFIT","Aedes fitchii","F",,,"UNDE.2023.32.AEDFIT.F.A",,
"5fcf1a94-1535-4b21-a952-6806a63e1308","UNDE_068.mosquitoPoint.mos","D05","UNDE","UNDE_068","2023-08-10T00:24Z","2023-08-10T14:05Z","UNDE_068.20230810.0905.S.01",,"AEDCIN","Aedes cinereus","F",,,"UNDE.2023.32.AEDCIN.F.A",,
"b6ffc564-943b-4d54-be56-701b250eb3e6","UNDE_068.mosquitoPoint.mos","D05","UNDE","UNDE_068","2023-08-10T00:24Z","2023-08-10T14:05Z","UNDE_068.20230810.0905.S.01",,"AEDPUN","Aedes punctor","F",,,"UNDE.2023.32.AEDPUN.F.A",,
"f16c86cd-e289-4f77-b1ff-0b6d6b543ed9","UNDE_068.mosquitoPoint.mos","D05","UNDE","UNDE_068","2023-08-10T00:24Z","2023-08-10T14:05Z","UNDE_068.20230810.0905.S.01",,"AEDDIA","Aedes diantaeus","F",,,"UNDE.2023.32.AEDDIA.F.A",,
"2ecdd6dc-2a68-4d80-a098-e50ae8d1d347","UNDE_068.mosquitoPoint.mos","D05","UNDE","UNDE_068","2023-08-10T00:24Z","2023-08-10T14:05Z","UNDE_068.20230810.0905.S.01",,"COQPER","Coquillettidia perturbans","F",,,"UNDE.2023.32.COQPER.F.A",,
"d4c95929-2b97-47d3-9b3d-c6eca51e9c19","UNDE_068.mosquitoPoint.mos","D05","UNDE","UNDE_068","2023-08-10T00:24Z","2023-08-10T14:05Z","UNDE_068.20230810.0905.S.01",,"AEDVEX","Aedes vexans","F",,,"UNDE.2023.32.AEDVEX.F.A",,
"6f0693bc-1a33-4543-a6f4-b1d941043c25","UNDE_068.mosquitoPoint.mos","D05","UNDE","UNDE_068","2023-08-10T00:24Z","2023-08-10T14:05Z","UNDE_068.20230810.0905.S.01",,"AEDCOM","Aedes communis","F",,,"UNDE.2023.32.AEDCOM.F.A",,
"2a620bb7-c7c8-4fd6-bc21-a675be1fdd90","UNDE_068.mosquitoPoint.mos","D05","UNDE","UNDE_068","2023-08-10T00:24Z","2023-08-10T14:05Z","UNDE_068.20230810.0905.S.01",,"AEDSPP","Aedes sp.","F",,,"UNDE.2023.32.AEDSPP.F.A",,
"a9c61e47-f808-44a0-b9f2-5ec2b309fc68","UNDE_074.mosquitoPoint.mos","D05","UNDE","UNDE_074","2023-08-10T00:30Z","2023-08-10T14:16Z","UNDE_074.20230810.0916.S.01",,"CULRES","Culex restuans","F",,,,,"MOS.D05.001811"
"d01341eb-519c-439c-9e8f-82253f26e541","UNDE_074.mosquitoPoint.mos","D05","UNDE","UNDE_074","2023-08-10T00:30Z","2023-08-10T14:16Z","UNDE_074.20230810.0916.S.01",,"CULMEL","Culiseta melanura","F",,,"UNDE.2023.32.CULMEL.F.A",,
"9f9ebf24-7bbd-4091-a0b6-c670ce52929b","UNDE_074.mosquitoPoint.mos","D05","UNDE","UNDE_074","2023-08-10T00:30Z","2023-08-10T14:16Z","UNDE_074.20230810.0916.S.01",,"AEDFIT","Aedes fitchii","F",,,"UNDE.2023.32.AEDFIT.F.A",,
"10464cc4-8031-42fe-ae4f-5555769cf68f","UNDE_074.mosquitoPoint.mos","D05","UNDE","UNDE_074","2023-08-10T00:30Z","2023-08-10T14:16Z","UNDE_074.20230810.0916.S.01",,"AEDEXC","Aedes excrucians","F",,,"UNDE.2023.32.AEDEXC.F.A",,
"c3b37a30-55c0-4061-84ef-46437f8aff4a","UNDE_074.mosquitoPoint.mos","D05","UNDE","UNDE_074","2023-08-10T00:30Z","2023-08-10T14:16Z","UNDE_074.20230810.0916.S.01",,"AEDSPP","Aedes sp.","F",,,"UNDE.2023.32.AEDSPP.F.A",,
"23904e2d-7a28-4bf7-80ad-72995999b355","UNDE_074.mosquitoPoint.mos","D05","UNDE","UNDE_074","2023-08-10T00:30Z","2023-08-10T14:16Z","UNDE_074.20230810.0916.S.01",,"AEDPUN","Aedes punctor","F",,,"UNDE.2023.32.AEDPUN.F.A",,
"92c69c21-0cbe-4f3d-bb66-eef915590417","UNDE_074.mosquitoPoint.mos","D05","UNDE","UNDE_074","2023-08-10T00:30Z","2023-08-10T14:16Z","UNDE_074.20230810.0916.S.01",,"COQPER","Coquillettidia perturbans","M",,,"UNDE.2023.32.COQPER.M.A",,"MOS.D05.001798|MOS.D05.001797"
"1749e8ec-3031-49c8-aee3-beb445be4409","UNDE_074.mosquitoPoint.mos","D05","UNDE","UNDE_074","2023-08-10T00:30Z","2023-08-10T14:16Z","UNDE_074.20230810.0916.S.01",,"AEDCAN3","Aedes canadensis canadensis","F",,,"UNDE.2023.32.AEDCAN3.F.A",,
"160f9f9a-26ef-48b2-97d1-2ccbaea22242","UNDE_074.mosquitoPoint.mos","D05","UNDE","UNDE_074","2023-08-10T00:30Z","2023-08-10T14:16Z","UNDE_074.20230810.0916.S.01",,"AEDCOM","Aedes communis","F",,,"UNDE.2023.32.AEDCOM.F.A",,
"fdb2bf74-a46c-4817-b7c1-da9834cf879f","UNDE_074.mosquitoPoint.mos","D05","UNDE","UNDE_074","2023-08-10T00:30Z","2023-08-10T14:16Z","UNDE_074.20230810.0916.S.01",,"AEDCIN","Aedes cinereus","F",,,"UNDE.2023.32.AEDCIN.F.A",,
"a07f6741-f923-4065-8013-1da1f132ee09","UNDE_074.mosquitoPoint.mos","D05","UNDE","UNDE_074","2023-08-10T00:30Z","2023-08-10T14:16Z","UNDE_074.20230810.0916.S.01",,"AEDDIA","Aedes diantaeus","F",,,"UNDE.2023.32.AEDDIA.F.A",,
"7791efc6-b323-4aaf-9aaa-62b3e5c25b88","UNDE_074.mosquitoPoint.mos","D05","UNDE","UNDE_074","2023-08-10T00:30Z","2023-08-10T14:16Z","UNDE_074.20230810.0916.S.01",,"CULMOR","Culiseta morsitans","F",,,"UNDE.2023.32.CULMOR.F.A",,
"d3b0a3d7-ec5d-4014-a38e-26bc00e27cde","UNDE_074.mosquitoPoint.mos","D05","UNDE","UNDE_074","2023-08-10T00:30Z","2023-08-10T14:16Z","UNDE_074.20230810.0916.S.01",,"ANOPUN","Anopheles punctipennis","F",,,"UNDE.2023.32.ANOPUN.F.A",,
"9e71f290-981c-4f3f-a574-6722cd04e5b2","UNDE_074.mosquitoPoint.mos","D05","UNDE","UNDE_074","2023-08-10T00:30Z","2023-08-10T14:16Z","UNDE_074.20230810.0916.S.01",,"COQPER","Coquillettidia perturbans","F",,,"UNDE.2023.32.COQPER.F.A",,
"bca01542-0318-483b-8010-b73ddbb3d909","UNDE_076.mosquitoPoint.mos","D05","UNDE","UNDE_076","2023-08-10T00:34Z","2023-08-10T14:24Z","UNDE_076.20230810.0924.S.01",,"COQPER","Coquillettidia perturbans","M",,,"UNDE.2023.32.COQPER.M.A",,
"5823a921-5810-4be4-aea6-e2b710f8c1a9","UNDE_076.mosquitoPoint.mos","D05","UNDE","UNDE_076","2023-08-10T00:34Z","2023-08-10T14:24Z","UNDE_076.20230810.0924.S.01",,"AEDPUN","Aedes punctor","F",,,"UNDE.2023.32.AEDPUN.F.A",,
"ea8975e7-54a1-4976-bdfb-7dd1ffa29d4c","UNDE_076.mosquitoPoint.mos","D05","UNDE","UNDE_076","2023-08-10T00:34Z","2023-08-10T14:24Z","UNDE_076.20230810.0924.S.01",,"AEDCOM","Aedes communis","F",,,"UNDE.2023.32.AEDCOM.F.A",,
"eedda5df-1a9d-4c9a-b094-d193eb85426c","UNDE_076.mosquitoPoint.mos","D05","UNDE","UNDE_076","2023-08-10T00:34Z","2023-08-10T14:24Z","UNDE_076.20230810.0924.S.01",,"CULMOR","Culiseta morsitans","F",,,"UNDE.2023.32.CULMOR.F.A",,
"c7b9879b-a03b-49c5-ac77-7b20248bf81e","UNDE_076.mosquitoPoint.mos","D05","UNDE","UNDE_076","2023-08-10T00:34Z","2023-08-10T14:24Z","UNDE_076.20230810.0924.S.01",,"ANOPUN","Anopheles punctipennis","F",,,"UNDE.2023.32.ANOPUN.F.A",,
"de9b4017-ca44-4ddd-8b24-cba81f31d47d","UNDE_076.mosquitoPoint.mos","D05","UNDE","UNDE_076","2023-08-10T00:34Z","2023-08-10T14:24Z","UNDE_076.20230810.0924.S.01",,"AEDSPP","Aedes sp.","F",,,"UNDE.2023.32.AEDSPP.F.A",,
"57b68b21-7591-4569-8101-b2bed1bcb111","UNDE_076.mosquitoPoint.mos","D05","UNDE","UNDE_076","2023-08-10T00:34Z","2023-08-10T14:24Z","UNDE_076.20230810.0924.S.01",,"AEDEUE","Aedes euedes","F",,,,,"MOS.D05.001673"
"a1b7d7dd-5220-41d7-a871-63596ce2d40e","UNDE_076.mosquitoPoint.mos","D05","UNDE","UNDE_076","2023-08-10T00:34Z","2023-08-10T14:24Z","UNDE_076.20230810.0924.S.01",,"AEDEXC","Aedes excrucians","F",,,"UNDE.2023.32.AEDEXC.F.A",,
"26466637-7ae4-4d0a-aaf6-62ca74b31885","UNDE_076.mosquitoPoint.mos","D05","UNDE","UNDE_076","2023-08-10T00:34Z","2023-08-10T14:24Z","UNDE_076.20230810.0924.S.01",,"CULMEL","Culiseta melanura","F",,,"UNDE.2023.32.CULMEL.F.A",,
"1db1842c-74af-436b-b92e-472dc9b5ea50","UNDE_076.mosquitoPoint.mos","D05","UNDE","UNDE_076","2023-08-10T00:34Z","2023-08-10T14:24Z","UNDE_076.20230810.0924.S.01",,"COQPER","Coquillettidia perturbans","F",,,"UNDE.2023.32.COQPER.F.A",,
"cff8cf8a-e6b5-4e56-a92d-e52069950a9d","UNDE_076.mosquitoPoint.mos","D05","UNDE","UNDE_076","2023-08-10T00:34Z","2023-08-10T14:24Z","UNDE_076.20230810.0924.S.01",,"AEDDIA","Aedes diantaeus","F",,,"UNDE.2023.32.AEDDIA.F.A",,
"eb7f7c84-8efb-49a9-b749-69426f5f0bdf","UNDE_072.mosquitoPoint.mos","D05","UNDE","UNDE_072","2023-08-10T12:23Z","2023-08-10T22:58Z","UNDE_072.20230810.1758.S.01",,"AEDFIT","Aedes fitchii","F",,,"UNDE.2023.32.AEDFIT.F.A",,
"6ec3a5eb-2211-4660-a691-0bc81c18f610","UNDE_072.mosquitoPoint.mos","D05","UNDE","UNDE_072","2023-08-10T12:23Z","2023-08-10T22:58Z","UNDE_072.20230810.1758.S.01",,"COQPER","Coquillettidia perturbans","F",,,"UNDE.2023.32.COQPER.F.A",,
"36273314-15d5-4927-aba0-caaecb3ea7df","UNDE_072.mosquitoPoint.mos","D05","UNDE","UNDE_072","2023-08-10T12:23Z","2023-08-10T22:58Z","UNDE_072.20230810.1758.S.01",,"ANOPUN","Anopheles punctipennis","F",,,"UNDE.2023.32.ANOPUN.F.A",,
"064b66c5-8f47-4a32-b925-97ea8ce87ef5","UNDE_072.mosquitoPoint.mos","D05","UNDE","UNDE_072","2023-08-10T12:23Z","2023-08-10T22:58Z","UNDE_072.20230810.1758.S.01",,"AEDDIA","Aedes diantaeus","F",,,"UNDE.2023.32.AEDDIA.F.A",,
"5fc90389-f539-46c8-aee7-09653ea6dc5c","UNDE_072.mosquitoPoint.mos","D05","UNDE","UNDE_072","2023-08-10T12:23Z","2023-08-10T22:58Z","UNDE_072.20230810.1758.S.01",,"AEDCOM","Aedes communis","F",,,"UNDE.2023.32.AEDCOM.F.A",,
"abc8d1cf-3ea2-466b-8b91-678af3520346","UNDE_072.mosquitoPoint.mos","D05","UNDE","UNDE_072","2023-08-10T12:23Z","2023-08-10T22:58Z","UNDE_072.20230810.1758.S.01",,"AEDPUN","Aedes punctor","F",,,"UNDE.2023.32.AEDPUN.F.A",,
"3df9f7b1-7ea7-4ec5-8cd9-b9d0bf182c30","UNDE_072.mosquitoPoint.mos","D05","UNDE","UNDE_072","2023-08-10T12:23Z","2023-08-10T22:58Z","UNDE_072.20230810.1758.S.01",,"AEDCAN3","Aedes canadensis canadensis","F",,,"UNDE.2023.32.AEDCAN3.F.A",,
"bba7dd0b-bfc6-414a-9340-f6bd04bb4b5e","UNDE_072.mosquitoPoint.mos","D05","UNDE","UNDE_072","2023-08-10T12:23Z","2023-08-10T22:58Z","UNDE_072.20230810.1758.S.01",,"AEDEXC","Aedes excrucians","F",,,"UNDE.2023.32.AEDEXC.F.A",,
"907d96bb-cdbe-4152-a132-3c41339e6256","UNDE_072.mosquitoPoint.mos","D05","UNDE","UNDE_072","2023-08-10T12:23Z","2023-08-10T22:58Z","UNDE_072.20230810.1758.S.01",,"AEDSTI1","Aedes stimulans","F",,,"UNDE.2023.32.AEDSTI1.F.A",,"MOS.D05.001731"
"eb7de066-d6e9-42e8-b088-33364a2bffc5","UNDE_072.mosquitoPoint.mos","D05","UNDE","UNDE_072","2023-08-10T12:23Z","2023-08-10T22:58Z","UNDE_072.20230810.1758.S.01",,"AEDSPP","Aedes sp.","F",,,"UNDE.2023.32.AEDSPP.F.A",,
"00ad9059-6baf-4806-b6a9-a159ebd7ceaa","UNDE_072.mosquitoPoint.mos","D05","UNDE","UNDE_072","2023-08-10T12:23Z","2023-08-10T22:58Z","UNDE_072.20230810.1758.S.01",,"AEDCIN","Aedes cinereus","F",,,"UNDE.2023.32.AEDCIN.F.A",,
"73ad2004-2047-4d5e-86e7-c71dec11cab0","UNDE_071.mosquitoPoint.mos","D05","UNDE","UNDE_071","2023-08-10T12:44Z","2023-08-10T23:14Z","UNDE_071.20230810.1814.S.01",,"AEDCAN3","Aedes canadensis canadensis","F",,,"UNDE.2023.32.AEDCAN3.F.A",,
"9fa1e938-534e-4c28-b2cb-e7418a550e3e","UNDE_071.mosquitoPoint.mos","D05","UNDE","UNDE_071","2023-08-10T12:44Z","2023-08-10T23:14Z","UNDE_071.20230810.1814.S.01",,"AEDSPP","Aedes sp.","F",,,"UNDE.2023.32.AEDSPP.F.A",,
"410a5ca3-daaa-43ff-b761-ae94deba2cac","UNDE_071.mosquitoPoint.mos","D05","UNDE","UNDE_071","2023-08-10T12:44Z","2023-08-10T23:14Z","UNDE_071.20230810.1814.S.01",,"AEDDIA","Aedes diantaeus","F",,,"UNDE.2023.32.AEDDIA.F.A",,
"fd221ab1-6496-4750-91a0-711d97a8b714","UNDE_071.mosquitoPoint.mos","D05","UNDE","UNDE_071","2023-08-10T12:44Z","2023-08-10T23:14Z","UNDE_071.20230810.1814.S.01",,"AEDPUN","Aedes punctor","F",,,"UNDE.2023.32.AEDPUN.F.A",,
"b2b3640b-993b-435f-8a77-2ab9ba74104e","UNDE_071.mosquitoPoint.mos","D05","UNDE","UNDE_071","2023-08-10T12:44Z","2023-08-10T23:14Z","UNDE_071.20230810.1814.S.01",,"COQPER","Coquillettidia perturbans","F",,,"UNDE.2023.32.COQPER.F.A",,
"1d00719b-25f4-4f3b-bd6d-80a24ed235ef","UNDE_071.mosquitoPoint.mos","D05","UNDE","UNDE_071","2023-08-10T12:44Z","2023-08-10T23:14Z","UNDE_071.20230810.1814.S.01",,"AEDCOM","Aedes communis","F",,,"UNDE.2023.32.AEDCOM.F.A",,
"a0134455-5c3c-46d4-ac11-7b5d9179fc2c","UNDE_071.mosquitoPoint.mos","D05","UNDE","UNDE_071","2023-08-10T12:44Z","2023-08-10T23:14Z","UNDE_071.20230810.1814.S.01",,"AEDCIN","Aedes cinereus","F",,,"UNDE.2023.32.AEDCIN.F.A",,
"1c278993-5dad-4226-8883-b2c9886925ba","UNDE_071.mosquitoPoint.mos","D05","UNDE","UNDE_071","2023-08-10T12:44Z","2023-08-10T23:14Z","UNDE_071.20230810.1814.S.01",,"AEDEXC","Aedes excrucians","F",,,"UNDE.2023.32.AEDEXC.F.A",,
"37ad1fe7-3ee7-441b-90ed-0f085cbad7ed","UNDE_071.mosquitoPoint.mos","D05","UNDE","UNDE_071","2023-08-10T12:44Z","2023-08-10T23:14Z","UNDE_071.20230810.1814.S.01",,"AEDFIT","Aedes fitchii","F",,,"UNDE.2023.32.AEDFIT.F.A",,
"9fbba454-7c1d-46ce-a261-eda8ce12dc5d","UNDE_071.mosquitoPoint.mos","D05","UNDE","UNDE_071","2023-08-10T12:44Z","2023-08-10T23:14Z","UNDE_071.20230810.1814.S.01",,"AEDPRO","Aedes provocans","F",,,"UNDE.2023.32.AEDPRO.F.A",,
"b5abc22e-a82b-4b0c-8c5e-c84b3de68e5c","UNDE_066.mosquitoPoint.mos","D05","UNDE","UNDE_066","2023-08-10T12:55Z","2023-08-10T23:20Z","UNDE_066.20230810.1820.S.01",,"AEDCIN","Aedes cinereus","F",,,"UNDE.2023.32.AEDCIN.F.A",,
"08ef665c-132d-4508-bc3c-c7910d7bc933","UNDE_066.mosquitoPoint.mos","D05","UNDE","UNDE_066","2023-08-10T12:55Z","2023-08-10T23:20Z","UNDE_066.20230810.1820.S.01",,"AEDCOM","Aedes communis","F",,,"UNDE.2023.32.AEDCOM.F.A",,
"a433e670-8e37-4d2b-8934-0a4a98478051","UNDE_066.mosquitoPoint.mos","D05","UNDE","UNDE_066","2023-08-10T12:55Z","2023-08-10T23:20Z","UNDE_066.20230810.1820.S.01",,"ANOPUN","Anopheles punctipennis","F",,,"UNDE.2023.32.ANOPUN.F.A",,
"123a00e2-3aec-445c-8597-e560b38705a7","UNDE_066.mosquitoPoint.mos","D05","UNDE","UNDE_066","2023-08-10T12:55Z","2023-08-10T23:20Z","UNDE_066.20230810.1820.S.01",,"AEDSPP","Aedes sp.","F",,,"UNDE.2023.32.AEDSPP.F.A",,
"c44efe9f-3c96-466d-98e3-0ea04178d4a0","UNDE_066.mosquitoPoint.mos","D05","UNDE","UNDE_066","2023-08-10T12:55Z","2023-08-10T23:20Z","UNDE_066.20230810.1820.S.01",,"COQPER","Coquillettidia perturbans","F",,,"UNDE.2023.32.COQPER.F.A",,
"cc848a81-b355-432f-95e8-93453e18719e","UNDE_066.mosquitoPoint.mos","D05","UNDE","UNDE_066","2023-08-10T12:55Z","2023-08-10T23:20Z","UNDE_066.20230810.1820.S.01",,"AEDDIA","Aedes diantaeus","F",,,"UNDE.2023.32.AEDDIA.F.A",,
"30be2276-1c03-4ee1-aa09-daae2867e1b2","UNDE_066.mosquitoPoint.mos","D05","UNDE","UNDE_066","2023-08-10T12:55Z","2023-08-10T23:20Z","UNDE_066.20230810.1820.S.01",,"AEDPUN","Aedes punctor","F",,,"UNDE.2023.32.AEDPUN.F.A",,
"889bd8a9-58c5-412f-8c56-c81f4ac39b42","UNDE_066.mosquitoPoint.mos","D05","UNDE","UNDE_066","2023-08-10T12:55Z","2023-08-10T23:20Z","UNDE_066.20230810.1820.S.01",,"AEDEXC","Aedes excrucians","F",,,"UNDE.2023.32.AEDEXC.F.A",,
"ffdef929-42fa-413f-8fc2-d1e96322839c","UNDE_066.mosquitoPoint.mos","D05","UNDE","UNDE_066","2023-08-10T12:55Z","2023-08-10T23:20Z","UNDE_066.20230810.1820.S.01",,"AEDCAN3","Aedes canadensis canadensis","F",,,"UNDE.2023.32.AEDCAN3.F.A",,
"d43c7c1a-5d56-4acc-b5de-3d1958bc2508","UNDE_075.mosquitoPoint.mos","D05","UNDE","UNDE_075","2023-08-10T13:07Z","2023-08-10T23:27Z","UNDE_075.20230810.1827.S.01",,"AEDCIN","Aedes cinereus","F",,,"UNDE.2023.32.AEDCIN.F.A",,
"8e462526-083e-4dde-b6ad-a95d84912bbf","UNDE_075.mosquitoPoint.mos","D05","UNDE","UNDE_075","2023-08-10T13:07Z","2023-08-10T23:27Z","UNDE_075.20230810.1827.S.01",,"AEDEXC","Aedes excrucians","F",,,"UNDE.2023.32.AEDEXC.F.A",,
"d4740581-8862-40d6-8b99-e4e35ac3a7e9","UNDE_075.mosquitoPoint.mos","D05","UNDE","UNDE_075","2023-08-10T13:07Z","2023-08-10T23:27Z","UNDE_075.20230810.1827.S.01",,"AEDDIA","Aedes diantaeus","F",,,"UNDE.2023.32.AEDDIA.F.A",,
"3c9c1ab8-9868-4304-a3f0-3257e9fb691f","UNDE_075.mosquitoPoint.mos","D05","UNDE","UNDE_075","2023-08-10T13:07Z","2023-08-10T23:27Z","UNDE_075.20230810.1827.S.01",,"AEDSTI1","Aedes stimulans","F",,,"UNDE.2023.32.AEDSTI1.F.A",,
"5f87ea80-e774-4236-ba91-0773b1d56ccc","UNDE_075.mosquitoPoint.mos","D05","UNDE","UNDE_075","2023-08-10T13:07Z","2023-08-10T23:27Z","UNDE_075.20230810.1827.S.01",,"AEDPUN","Aedes punctor","F",,,"UNDE.2023.32.AEDPUN.F.A",,
"8e93ffc6-8a47-4096-ba9e-29e1400c8ff7","UNDE_075.mosquitoPoint.mos","D05","UNDE","UNDE_075","2023-08-10T13:07Z","2023-08-10T23:27Z","UNDE_075.20230810.1827.S.01",,"COQPER","Coquillettidia perturbans","F",,,"UNDE.2023.32.COQPER.F.A",,
"8a414d44-fb03-42ce-8f8a-4367803283ae","UNDE_075.mosquitoPoint.mos","D05","UNDE","UNDE_075","2023-08-10T13:07Z","2023-08-10T23:27Z","UNDE_075.20230810.1827.S.01",,"AEDFIT","Aedes fitchii","F",,,"UNDE.2023.32.AEDFIT.F.A",,
"cf02f2f0-7a3e-4e67-94ab-32b055d882fe","UNDE_075.mosquitoPoint.mos","D05","UNDE","UNDE_075","2023-08-10T13:07Z","2023-08-10T23:27Z","UNDE_075.20230810.1827.S.01",,"AEDCOM","Aedes communis","F",,,"UNDE.2023.32.AEDCOM.F.A",,
"9d1ee709-d68c-46eb-aad0-f81e6a13b078","UNDE_075.mosquitoPoint.mos","D05","UNDE","UNDE_075","2023-08-10T13:07Z","2023-08-10T23:27Z","UNDE_075.20230810.1827.S.01",,"AEDSPP","Aedes sp.","F",,,"UNDE.2023.32.AEDSPP.F.A",,
"6ddf2af7-795c-45c8-8d8c-2bd6ab5d46ee","UNDE_073.mosquitoPoint.mos","D05","UNDE","UNDE_073","2023-08-10T13:22Z","2023-08-10T23:35Z","UNDE_073.20230810.1835.S.01",,"COQPER","Coquillettidia perturbans","F",,,"UNDE.2023.32.COQPER.F.A",,
"e8d7d49e-78c0-4431-b0e4-8bac2fc17cfb","UNDE_073.mosquitoPoint.mos","D05","UNDE","UNDE_073","2023-08-10T13:22Z","2023-08-10T23:35Z","UNDE_073.20230810.1835.S.01",,"AEDDIA","Aedes diantaeus","F",,,"UNDE.2023.32.AEDDIA.F.A",,
"2b02441b-4c40-4e8c-b54e-56cbc6b1284a","UNDE_073.mosquitoPoint.mos","D05","UNDE","UNDE_073","2023-08-10T13:22Z","2023-08-10T23:35Z","UNDE_073.20230810.1835.S.01",,"AEDPUN","Aedes punctor","F",,,"UNDE.2023.32.AEDPUN.F.A",,
"c45b5e30-3f8f-4b92-8a65-665522d99371","UNDE_073.mosquitoPoint.mos","D05","UNDE","UNDE_073","2023-08-10T13:22Z","2023-08-10T23:35Z","UNDE_073.20230810.1835.S.01",,"AEDCOM","Aedes communis","F",,,"UNDE.2023.32.AEDCOM.F.A",,
"25bab96a-4f13-40a8-860b-9351fde65d00","UNDE_073.mosquitoPoint.mos","D05","UNDE","UNDE_073","2023-08-10T13:22Z","2023-08-10T23:35Z","UNDE_073.20230810.1835.S.01",,"AEDEXC","Aedes excrucians","F",,,"UNDE.2023.32.AEDEXC.F.A",,
"979051d4-87f5-4969-ab71-5984978e197a","UNDE_073.mosquitoPoint.mos","D05","UNDE","UNDE_073","2023-08-10T13:22Z","2023-08-10T23:35Z","UNDE_073.20230810.1835.S.01",,"AEDFIT","Aedes fitchii","F",,,"UNDE.2023.32.AEDFIT.F.A",,
"abffbb96-4151-402a-9d4e-6c1ddf674634","UNDE_073.mosquitoPoint.mos","D05","UNDE","UNDE_073","2023-08-10T13:22Z","2023-08-10T23:35Z","UNDE_073.20230810.1835.S.01",,"AEDCAN3","Aedes canadensis canadensis","F",,,"UNDE.2023.32.AEDCAN3.F.A",,
"a6e34395-25fc-4543-9bc7-26379b19894b","UNDE_073.mosquitoPoint.mos","D05","UNDE","UNDE_073","2023-08-10T13:22Z","2023-08-10T23:35Z","UNDE_073.20230810.1835.S.01",,"AEDCIN","Aedes cinereus","F",,,"UNDE.2023.32.AEDCIN.F.A",,
"dd469377-eea9-4d34-9cd7-843b253d4a70","UNDE_073.mosquitoPoint.mos","D05","UNDE","UNDE_073","2023-08-10T13:22Z","2023-08-10T23:35Z","UNDE_073.20230810.1835.S.01",,"AEDSPP","Aedes sp.","F",,,"UNDE.2023.32.AEDSPP.F.A",,
"e901a8c4-31a6-4720-a966-0635932d227c","UNDE_073.mosquitoPoint.mos","D05","UNDE","UNDE_073","2023-08-10T13:22Z","2023-08-10T23:35Z","UNDE_073.20230810.1835.S.01",,"AEDSTI1","Aedes stimulans","F",,,"UNDE.2023.32.AEDSTI1.F.A",,
"bbd72b13-e4e2-448e-a239-4c4703a63513","UNDE_070.mosquitoPoint.mos","D05","UNDE","UNDE_070","2023-08-10T13:36Z","2023-08-10T23:45Z","UNDE_070.20230810.1845.S.01",,"AEDFIT","Aedes fitchii","F",,,"UNDE.2023.32.AEDFIT.F.A",,
"6acab9b3-4550-4b7b-b44e-97bdfac5b223","UNDE_070.mosquitoPoint.mos","D05","UNDE","UNDE_070","2023-08-10T13:36Z","2023-08-10T23:45Z","UNDE_070.20230810.1845.S.01",,"AEDCIN","Aedes cinereus","F",,,"UNDE.2023.32.AEDCIN.F.A",,
"9c4daee3-7a1c-44e6-8975-c715bbdbb463","UNDE_070.mosquitoPoint.mos","D05","UNDE","UNDE_070","2023-08-10T13:36Z","2023-08-10T23:45Z","UNDE_070.20230810.1845.S.01",,"AEDCOM","Aedes communis","F",,,"UNDE.2023.32.AEDCOM.F.A",,
"c02c0261-e711-4326-bf03-af5cd5bdf9b3","UNDE_070.mosquitoPoint.mos","D05","UNDE","UNDE_070","2023-08-10T13:36Z","2023-08-10T23:45Z","UNDE_070.20230810.1845.S.01",,"COQPER","Coquillettidia perturbans","F",,,"UNDE.2023.32.COQPER.F.A",,
"4dd75c24-eb6b-4b52-bc1b-a3b31b526b57","UNDE_070.mosquitoPoint.mos","D05","UNDE","UNDE_070","2023-08-10T13:36Z","2023-08-10T23:45Z","UNDE_070.20230810.1845.S.01",,"AEDSTI1","Aedes stimulans","F",,,"UNDE.2023.32.AEDSTI1.F.A",,
"b77b5aab-f767-4130-9ca7-fa0356420f23","UNDE_070.mosquitoPoint.mos","D05","UNDE","UNDE_070","2023-08-10T13:36Z","2023-08-10T23:45Z","UNDE_070.20230810.1845.S.01",,"AEDSPP","Aedes sp.","F",,,"UNDE.2023.32.AEDSPP.F.A",,
"0416b2d5-62a0-40d0-8246-0a8448b5e8fa","UNDE_070.mosquitoPoint.mos","D05","UNDE","UNDE_070","2023-08-10T13:36Z","2023-08-10T23:45Z","UNDE_070.20230810.1845.S.01",,"AEDPUN","Aedes punctor","F",,,"UNDE.2023.32.AEDPUN.F.A",,
"95783144-2ee1-4940-b36d-ff793399fd84","UNDE_070.mosquitoPoint.mos","D05","UNDE","UNDE_070","2023-08-10T13:36Z","2023-08-10T23:45Z","UNDE_070.20230810.1845.S.01",,"AEDEXC","Aedes excrucians","F",,,"UNDE.2023.32.AEDEXC.F.A",,
"2a3fb9cb-3fed-491a-85a7-b95f04b663b2","UNDE_070.mosquitoPoint.mos","D05","UNDE","UNDE_070","2023-08-10T13:36Z","2023-08-10T23:45Z","UNDE_070.20230810.1845.S.01",,"AEDDIA","Aedes diantaeus","F",,,"UNDE.2023.32.AEDDIA.F.A",,
"29dd7300-125d-41e1-9788-5d6d76d47349","UNDE_067.mosquitoPoint.mos","D05","UNDE","UNDE_067","2023-08-10T13:51Z","2023-08-10T23:58Z","UNDE_067.20230810.1858.S.01",,"AEDCIN","Aedes cinereus","F",,,"UNDE.2023.32.AEDCIN.F.A",,
"1772905d-4f53-445a-87af-deb18634cd63","UNDE_067.mosquitoPoint.mos","D05","UNDE","UNDE_067","2023-08-10T13:51Z","2023-08-10T23:58Z","UNDE_067.20230810.1858.S.01",,"ANOPUN","Anopheles punctipennis","F",,,"UNDE.2023.32.ANOPUN.F.A",,
"f89fb4ee-2beb-4cb1-9c7b-adf2d7654a40","UNDE_067.mosquitoPoint.mos","D05","UNDE","UNDE_067","2023-08-10T13:51Z","2023-08-10T23:58Z","UNDE_067.20230810.1858.S.01",,"COQPER","Coquillettidia perturbans","F",,,"UNDE.2023.32.COQPER.F.A",,
"8ba3efab-2ac0-4c18-8800-39e5d5bc6758","UNDE_067.mosquitoPoint.mos","D05","UNDE","UNDE_067","2023-08-10T13:51Z","2023-08-10T23:58Z","UNDE_067.20230810.1858.S.01",,"AEDSPP","Aedes sp.","F",,,"UNDE.2023.32.AEDSPP.F.A",,
"caca18c3-d3a9-48ec-9eff-22d4cd1715c3","UNDE_067.mosquitoPoint.mos","D05","UNDE","UNDE_067","2023-08-10T13:51Z","2023-08-10T23:58Z","UNDE_067.20230810.1858.S.01",,"AEDEXC","Aedes excrucians","F",,,"UNDE.2023.32.AEDEXC.F.A",,
"5132fdba-ac6f-4157-9fe3-3e68627c8ae2","UNDE_067.mosquitoPoint.mos","D05","UNDE","UNDE_067","2023-08-10T13:51Z","2023-08-10T23:58Z","UNDE_067.20230810.1858.S.01",,"AEDCOM","Aedes communis","F",,,"UNDE.2023.32.AEDCOM.F.A",,
"08c2f9bd-97bb-40ac-98ed-c2b6f609fefd","UNDE_067.mosquitoPoint.mos","D05","UNDE","UNDE_067","2023-08-10T13:51Z","2023-08-10T23:58Z","UNDE_067.20230810.1858.S.01",,"AEDPUN","Aedes punctor","F",,,"UNDE.2023.32.AEDPUN.F.A",,
"56203004-4f7d-40e6-b744-7585a8f472bf","UNDE_067.mosquitoPoint.mos","D05","UNDE","UNDE_067","2023-08-10T13:51Z","2023-08-10T23:58Z","UNDE_067.20230810.1858.S.01",,"AEDDIA","Aedes diantaeus","F",,,"UNDE.2023.32.AEDDIA.F.A",,
"fe1562c9-83cd-41d1-8cf2-0eb286d1193e","UNDE_068.mosquitoPoint.mos","D05","UNDE","UNDE_068","2023-08-10T14:05Z","2023-08-11T00:19Z","UNDE_068.20230810.1919.S.01",,"AEDDIA","Aedes diantaeus","F",,,"UNDE.2023.32.AEDDIA.F.A",,
"a158bb77-e536-45ec-b3b6-42991db77753","UNDE_068.mosquitoPoint.mos","D05","UNDE","UNDE_068","2023-08-10T14:05Z","2023-08-11T00:19Z","UNDE_068.20230810.1919.S.01",,"AEDFIT","Aedes fitchii","F",,,"UNDE.2023.32.AEDFIT.F.A",,
"a75548f2-1a2a-4535-abbe-69db2c74353b","UNDE_068.mosquitoPoint.mos","D05","UNDE","UNDE_068","2023-08-10T14:05Z","2023-08-11T00:19Z","UNDE_068.20230810.1919.S.01",,"COQPER","Coquillettidia perturbans","F",,,"UNDE.2023.32.COQPER.F.A",,
"ef943971-cfea-44fb-8323-ecc5534a7f71","UNDE_068.mosquitoPoint.mos","D05","UNDE","UNDE_068","2023-08-10T14:05Z","2023-08-11T00:19Z","UNDE_068.20230810.1919.S.01",,"AEDEXC","Aedes excrucians","F",,,"UNDE.2023.32.AEDEXC.F.A",,
"ac743cfc-ede5-48e6-b959-7c7f58edf767","UNDE_068.mosquitoPoint.mos","D05","UNDE","UNDE_068","2023-08-10T14:05Z","2023-08-11T00:19Z","UNDE_068.20230810.1919.S.01",,"AEDSPP","Aedes sp.","F",,,"UNDE.2023.32.AEDSPP.F.A",,
"014d739e-3ec4-41e7-8bbd-6c1d85e0abec","UNDE_068.mosquitoPoint.mos","D05","UNDE","UNDE_068","2023-08-10T14:05Z","2023-08-11T00:19Z","UNDE_068.20230810.1919.S.01",,"AEDCIN","Aedes cinereus","F",,,"UNDE.2023.32.AEDCIN.F.A",,
"df4f87e5-d65f-486d-b0cd-3a6e1e766b70","UNDE_068.mosquitoPoint.mos","D05","UNDE","UNDE_068","2023-08-10T14:05Z","2023-08-11T00:19Z","UNDE_068.20230810.1919.S.01",,"AEDSTI1","Aedes stimulans","F",,,"UNDE.2023.32.AEDSTI1.F.A",,
"9b7a7106-0e09-4bbd-b347-fa5946ecc577","UNDE_068.mosquitoPoint.mos","D05","UNDE","UNDE_068","2023-08-10T14:05Z","2023-08-11T00:19Z","UNDE_068.20230810.1919.S.01",,"AEDPUN","Aedes punctor","F",,,"UNDE.2023.32.AEDPUN.F.A",,
"61fa3aed-94b1-4797-aef3-d5d96ae4c37c","UNDE_068.mosquitoPoint.mos","D05","UNDE","UNDE_068","2023-08-10T14:05Z","2023-08-11T00:19Z","UNDE_068.20230810.1919.S.01",,"AEDCOM","Aedes communis","F",,,"UNDE.2023.32.AEDCOM.F.A",,
"f9e946cc-f46a-458c-ab88-fdfd0d715b0e","UNDE_068.mosquitoPoint.mos","D05","UNDE","UNDE_068","2023-08-10T14:05Z","2023-08-11T00:19Z","UNDE_068.20230810.1919.S.01",,"AEDCAN3","Aedes canadensis canadensis","F",,,"UNDE.2023.32.AEDCAN3.F.A",,
"47153655-b0c9-40b0-94d5-51a5a2e70466","UNDE_074.mosquitoPoint.mos","D05","UNDE","UNDE_074","2023-08-10T14:16Z","2023-08-11T00:27Z","UNDE_074.20230810.1927.S.01",,"AEDSTI1","Aedes stimulans","F",,,"UNDE.2023.32.AEDSTI1.F.A",,
"dc7a402c-b8db-4692-b3cc-3ac4f49811ee","UNDE_074.mosquitoPoint.mos","D05","UNDE","UNDE_074","2023-08-10T14:16Z","2023-08-11T00:27Z","UNDE_074.20230810.1927.S.01",,"AEDEXC","Aedes excrucians","F",,,"UNDE.2023.32.AEDEXC.F.A",,
"a708d000-7ad2-4bfa-a662-7ebdbe77edf1","UNDE_074.mosquitoPoint.mos","D05","UNDE","UNDE_074","2023-08-10T14:16Z","2023-08-11T00:27Z","UNDE_074.20230810.1927.S.01",,"ANOPUN","Anopheles punctipennis","F",,,"UNDE.2023.32.ANOPUN.F.A",,
"d7dff581-c51a-40bf-a46d-7bfe9028d447","UNDE_074.mosquitoPoint.mos","D05","UNDE","UNDE_074","2023-08-10T14:16Z","2023-08-11T00:27Z","UNDE_074.20230810.1927.S.01",,"COQPER","Coquillettidia perturbans","F",,,"UNDE.2023.32.COQPER.F.A",,
"8fbe3d9d-d494-4dd0-a7ad-bfcd514484a5","UNDE_074.mosquitoPoint.mos","D05","UNDE","UNDE_074","2023-08-10T14:16Z","2023-08-11T00:27Z","UNDE_074.20230810.1927.S.01",,"COQPER","Coquillettidia perturbans","M",,,"UNDE.2023.32.COQPER.M.A",,
"42f7e4a7-d21d-43b7-8bc2-f1276d99e3b4","UNDE_074.mosquitoPoint.mos","D05","UNDE","UNDE_074","2023-08-10T14:16Z","2023-08-11T00:27Z","UNDE_074.20230810.1927.S.01",,"AEDCOM","Aedes communis","F",,,"UNDE.2023.32.AEDCOM.F.A",,
"c762e40d-ee20-4d29-a131-db47bcfb58c3","UNDE_074.mosquitoPoint.mos","D05","UNDE","UNDE_074","2023-08-10T14:16Z","2023-08-11T00:27Z","UNDE_074.20230810.1927.S.01",,"AEDDIA","Aedes diantaeus","F",,,"UNDE.2023.32.AEDDIA.F.A",,
"26f13966-7c11-410e-ba0d-7f76227716f2","UNDE_074.mosquitoPoint.mos","D05","UNDE","UNDE_074","2023-08-10T14:16Z","2023-08-11T00:27Z","UNDE_074.20230810.1927.S.01",,"AEDCIN","Aedes cinereus","F",,,"UNDE.2023.32.AEDCIN.F.A",,
"b90c3718-4986-4679-b172-7197164fbfcd","UNDE_074.mosquitoPoint.mos","D05","UNDE","UNDE_074","2023-08-10T14:16Z","2023-08-11T00:27Z","UNDE_074.20230810.1927.S.01",,"AEDSPP","Aedes sp.","F",,,"UNDE.2023.32.AEDSPP.F.A",,
"982e3eac-3d1c-4262-857b-c65a7846799e","UNDE_074.mosquitoPoint.mos","D05","UNDE","UNDE_074","2023-08-10T14:16Z","2023-08-11T00:27Z","UNDE_074.20230810.1927.S.01",,"AEDPUN","Aedes punctor","F",,,"UNDE.2023.32.AEDPUN.F.A",,
"f30395ac-8814-462b-9b59-4053be846a9f","UNDE_074.mosquitoPoint.mos","D05","UNDE","UNDE_074","2023-08-10T14:16Z","2023-08-11T00:27Z","UNDE_074.20230810.1927.S.01",,"AEDFIT","Aedes fitchii","F",,,"UNDE.2023.32.AEDFIT.F.A",,
"c22eb77e-4654-4a4c-b801-3a58fd186748","UNDE_074.mosquitoPoint.mos","D05","UNDE","UNDE_074","2023-08-10T14:16Z","2023-08-11T00:27Z","UNDE_074.20230810.1927.S.01",,"AEDCAN3","Aedes canadensis canadensis","F",,,"UNDE.2023.32.AEDCAN3.F.A",,
"ff160a77-0272-4f06-9b2f-45be43d4e7fa","UNDE_076.mosquitoPoint.mos","D05","UNDE","UNDE_076","2023-08-10T14:24Z","2023-08-11T00:30Z","UNDE_076.20230810.1930.S.01",,"COQPER","Coquillettidia perturbans","F",,,"UNDE.2023.32.COQPER.F.A",,
"79bacebd-25c6-437d-96cd-0ad680d1550d","UNDE_076.mosquitoPoint.mos","D05","UNDE","UNDE_076","2023-08-10T14:24Z","2023-08-11T00:30Z","UNDE_076.20230810.1930.S.01",,"AEDSPP","Aedes sp.","F",,,"UNDE.2023.32.AEDSPP.F.A",,
"34054217-7d04-4e1e-9872-9de2772b62f8","UNDE_076.mosquitoPoint.mos","D05","UNDE","UNDE_076","2023-08-10T14:24Z","2023-08-11T00:30Z","UNDE_076.20230810.1930.S.01",,"AEDCOM","Aedes communis","F",,,"UNDE.2023.32.AEDCOM.F.A",,
"27b67179-6ce0-4f36-a052-e6d68ca77569","UNDE_076.mosquitoPoint.mos","D05","UNDE","UNDE_076","2023-08-10T14:24Z","2023-08-11T00:30Z","UNDE_076.20230810.1930.S.01",,"AEDFIT","Aedes fitchii","F",,,"UNDE.2023.32.AEDFIT.F.A",,
"85f0148a-7597-42f3-9081-fc7806ae35e5","UNDE_076.mosquitoPoint.mos","D05","UNDE","UNDE_076","2023-08-10T14:24Z","2023-08-11T00:30Z","UNDE_076.20230810.1930.S.01",,"AEDPUN","Aedes punctor","F",,,"UNDE.2023.32.AEDPUN.F.A",,
"e4197b4b-a12e-4dd1-87fa-de374f867d03","UNDE_076.mosquitoPoint.mos","D05","UNDE","UNDE_076","2023-08-10T14:24Z","2023-08-11T00:30Z","UNDE_076.20230810.1930.S.01",,"AEDCIN","Aedes cinereus","F",,,"UNDE.2023.32.AEDCIN.F.A",,
"ce4136ba-e13f-42b1-a50e-f0bf77b7d791","UNDE_076.mosquitoPoint.mos","D05","UNDE","UNDE_076","2023-08-10T14:24Z","2023-08-11T00:30Z","UNDE_076.20230810.1930.S.01",,"AEDSTI1","Aedes stimulans","F",,,"UNDE.2023.32.AEDSTI1.F.A",,
"038e0c87-4c19-4986-93d5-0a4e3ae48619","UNDE_076.mosquitoPoint.mos","D05","UNDE","UNDE_076","2023-08-10T14:24Z","2023-08-11T00:30Z","UNDE_076.20230810.1930.S.01",,"AEDCAN3","Aedes canadensis canadensis","F",,,"UNDE.2023.32.AEDCAN3.F.A",,
"be64ef86-8525-41a7-832f-3ed9502ef672","UNDE_076.mosquitoPoint.mos","D05","UNDE","UNDE_076","2023-08-10T14:24Z","2023-08-11T00:30Z","UNDE_076.20230810.1930.S.01",,"AEDEXC","Aedes excrucians","F",,,"UNDE.2023.32.AEDEXC.F.A",,
"0c31fadd-74c1-4040-b081-f810da6e2482","UNDE_076.mosquitoPoint.mos","D05","UNDE","UNDE_076","2023-08-10T14:24Z","2023-08-11T00:30Z","UNDE_076.20230810.1930.S.01",,"AEDDIA","Aedes diantaeus","F",,,"UNDE.2023.32.AEDDIA.F.A",,
"e2a0708e-74f5-43fe-a614-9e3d18b8418e","UNDE_072.mosquitoPoint.mos","D05","UNDE","UNDE_072","2023-08-23T22:39Z","2023-08-24T12:13Z","UNDE_072.20230824.0713.S.01",,"AEDSTI1","Aedes stimulans","F",,,"UNDE.2023.34.AEDSTI1.F.A",,
"75f01dd6-0906-4653-b63d-92ac1ecef0d7","UNDE_072.mosquitoPoint.mos","D05","UNDE","UNDE_072","2023-08-23T22:39Z","2023-08-24T12:13Z","UNDE_072.20230824.0713.S.01",,"ANOPUN","Anopheles punctipennis","F",,,"UNDE.2023.34.ANOPUN.F.A",,
"b72d1c4b-7f7c-4362-a029-b402957da8eb","UNDE_072.mosquitoPoint.mos","D05","UNDE","UNDE_072","2023-08-23T22:39Z","2023-08-24T12:13Z","UNDE_072.20230824.0713.S.01",,"AEDSPP","Aedes sp.","F",,,"UNDE.2023.34.AEDSPP.F.A",,
"6f66eabc-0087-4fd1-92e4-151ed380142a","UNDE_072.mosquitoPoint.mos","D05","UNDE","UNDE_072","2023-08-23T22:39Z","2023-08-24T12:13Z","UNDE_072.20230824.0713.S.01",,"COQPER","Coquillettidia perturbans","F",,,"UNDE.2023.34.COQPER.F.A",,
"f7a6db5c-a583-4651-aa82-5df959d60b9f","UNDE_072.mosquitoPoint.mos","D05","UNDE","UNDE_072","2023-08-23T22:39Z","2023-08-24T12:13Z","UNDE_072.20230824.0713.S.01",,"AEDPUN","Aedes punctor","F",,,"UNDE.2023.34.AEDPUN.F.A",,
"3d582e2d-3b73-4742-9dc8-8831e2aa64ea","UNDE_072.mosquitoPoint.mos","D05","UNDE","UNDE_072","2023-08-23T22:39Z","2023-08-24T12:13Z","UNDE_072.20230824.0713.S.01",,"AEDDIA","Aedes diantaeus","F",,,"UNDE.2023.34.AEDDIA.F.A",,
"a6ab783d-d013-47e3-90f0-aa29fc7b51a5","UNDE_072.mosquitoPoint.mos","D05","UNDE","UNDE_072","2023-08-23T22:39Z","2023-08-24T12:13Z","UNDE_072.20230824.0713.S.01",,"COQPER","Coquillettidia perturbans","M",,,"UNDE.2023.34.COQPER.M.A",,
"c050afb4-09fa-41fb-92ca-d2377e6f59d0","UNDE_072.mosquitoPoint.mos","D05","UNDE","UNDE_072","2023-08-23T22:39Z","2023-08-24T12:13Z","UNDE_072.20230824.0713.S.01",,"CULMEL","Culiseta melanura","F",,,"UNDE.2023.34.CULMEL.F.A",,
"ca343fed-578b-48aa-a0dd-d451d2a308ac","UNDE_072.mosquitoPoint.mos","D05","UNDE","UNDE_072","2023-08-23T22:39Z","2023-08-24T12:13Z","UNDE_072.20230824.0713.S.01",,"AEDCIN","Aedes cinereus","F",,,"UNDE.2023.34.AEDCIN.F.A",,
"70e8baf4-6be0-4759-8523-bd0068cd1b73","UNDE_072.mosquitoPoint.mos","D05","UNDE","UNDE_072","2023-08-23T22:39Z","2023-08-24T12:13Z","UNDE_072.20230824.0713.S.01",,"AEDEXC","Aedes excrucians","F",,,"UNDE.2023.34.AEDEXC.F.A",,
"ecb8cf74-c92a-4ee5-a7c9-66e31026d0b2","UNDE_071.mosquitoPoint.mos","D05","UNDE","UNDE_071","2023-08-23T22:56Z","2023-08-24T12:32Z","UNDE_071.20230824.0732.S.01",,"ANOWAL","Anopheles walkeri","F",,,"UNDE.2023.34.ANOWAL.F.A",,"MOS.D05.001774"
"faacb76e-b499-4469-abe3-0f12bd901f24","UNDE_071.mosquitoPoint.mos","D05","UNDE","UNDE_071","2023-08-23T22:56Z","2023-08-24T12:32Z","UNDE_071.20230824.0732.S.01",,"CULMOR","Culiseta morsitans","F",,,"UNDE.2023.34.CULMOR.F.A",,
"9a5df434-bd97-4423-b0c7-afedb4a06675","UNDE_071.mosquitoPoint.mos","D05","UNDE","UNDE_071","2023-08-23T22:56Z","2023-08-24T12:32Z","UNDE_071.20230824.0732.S.01",,"AEDVEX","Aedes vexans","F",,,"UNDE.2023.34.AEDVEX.F.A",,
"06b7f544-7cf9-4cf3-b8f3-1abd13424cf2","UNDE_071.mosquitoPoint.mos","D05","UNDE","UNDE_071","2023-08-23T22:56Z","2023-08-24T12:32Z","UNDE_071.20230824.0732.S.01",,"COQPER","Coquillettidia perturbans","F",,,"UNDE.2023.34.COQPER.F.A",,"MOS.D05.001789|MOS.D05.001790"
"1be8e635-b037-4c3b-85cd-afa13891b070","UNDE_071.mosquitoPoint.mos","D05","UNDE","UNDE_071","2023-08-23T22:56Z","2023-08-24T12:32Z","UNDE_071.20230824.0732.S.01",,"AEDPUN","Aedes punctor","F",,,"UNDE.2023.34.AEDPUN.F.A",,
"3d85e8c2-b386-45c2-8006-594b2bd47adc","UNDE_071.mosquitoPoint.mos","D05","UNDE","UNDE_071","2023-08-23T22:56Z","2023-08-24T12:32Z","UNDE_071.20230824.0732.S.01",,"AEDCAN3","Aedes canadensis canadensis","F",,,"UNDE.2023.34.AEDCAN3.F.A",,"MOS.D05.001623|MOS.D05.001624"
"4af0f19d-0603-4140-9813-34e7b310eb86","UNDE_071.mosquitoPoint.mos","D05","UNDE","UNDE_071","2023-08-23T22:56Z","2023-08-24T12:32Z","UNDE_071.20230824.0732.S.01",,"AEDSPP","Aedes sp.","F",,,"UNDE.2023.34.AEDSPP.F.A",,
"ee146f86-892a-4e4e-92d9-8f2f1fbaedad","UNDE_071.mosquitoPoint.mos","D05","UNDE","UNDE_071","2023-08-23T22:56Z","2023-08-24T12:32Z","UNDE_071.20230824.0732.S.01",,"ANOPUN","Anopheles punctipennis","F",,,"UNDE.2023.34.ANOPUN.F.A",,
"427fbf39-7dfd-4e87-a058-9ff28f5cea2c","UNDE_071.mosquitoPoint.mos","D05","UNDE","UNDE_071","2023-08-23T22:56Z","2023-08-24T12:32Z","UNDE_071.20230824.0732.S.01",,"AEDFIT","Aedes fitchii","F",,,"UNDE.2023.34.AEDFIT.F.A",,
"f182936e-8f0c-4a26-8d07-6c93f167d149","UNDE_071.mosquitoPoint.mos","D05","UNDE","UNDE_071","2023-08-23T22:56Z","2023-08-24T12:32Z","UNDE_071.20230824.0732.S.01",,"AEDDIA","Aedes diantaeus","F",,,"UNDE.2023.34.AEDDIA.F.A",,
"7f14f554-8396-4ec9-b309-0104419fcc81","UNDE_071.mosquitoPoint.mos","D05","UNDE","UNDE_071","2023-08-23T22:56Z","2023-08-24T12:32Z","UNDE_071.20230824.0732.S.01",,"AEDCIN","Aedes cinereus","F",,,"UNDE.2023.34.AEDCIN.F.A",,
"1e58be73-0b26-408a-ae2b-33b466f9b251","UNDE_071.mosquitoPoint.mos","D05","UNDE","UNDE_071","2023-08-23T22:56Z","2023-08-24T12:32Z","UNDE_071.20230824.0732.S.01",,"AEDEXC","Aedes excrucians","F",,,"UNDE.2023.34.AEDEXC.F.A",,
"4d22a778-9652-4845-a5fb-6787bd3dc87d","UNDE_066.mosquitoPoint.mos","D05","UNDE","UNDE_066","2023-08-23T23:04Z","2023-08-24T12:40Z","UNDE_066.20230824.0740.S.01",,"AEDPUN","Aedes punctor","F",,,"UNDE.2023.34.AEDPUN.F.A",,
"e86f9510-aa8f-41b1-b12b-b8347e076529","UNDE_066.mosquitoPoint.mos","D05","UNDE","UNDE_066","2023-08-23T23:04Z","2023-08-24T12:40Z","UNDE_066.20230824.0740.S.01",,"AEDCAN3","Aedes canadensis canadensis","F",,,"UNDE.2023.34.AEDCAN3.F.A",,
"138f7f6e-857c-4fbe-86c3-0270fad1bf72","UNDE_066.mosquitoPoint.mos","D05","UNDE","UNDE_066","2023-08-23T23:04Z","2023-08-24T12:40Z","UNDE_066.20230824.0740.S.01",,"AEDFIT","Aedes fitchii","F",,,"UNDE.2023.34.AEDFIT.F.A",,"MOS.D05.001693"
"6b48037e-3958-40dd-b10c-3a4d0de45442","UNDE_066.mosquitoPoint.mos","D05","UNDE","UNDE_066","2023-08-23T23:04Z","2023-08-24T12:40Z","UNDE_066.20230824.0740.S.01",,"COQPER","Coquillettidia perturbans","F",,,"UNDE.2023.34.COQPER.F.A",,
"ecee7abb-a9f6-4ee2-84cd-d17f58f0e80d","UNDE_066.mosquitoPoint.mos","D05","UNDE","UNDE_066","2023-08-23T23:04Z","2023-08-24T12:40Z","UNDE_066.20230824.0740.S.01",,"AEDCIN","Aedes cinereus","F",,,"UNDE.2023.34.AEDCIN.F.A",,
"02c1b8e8-6c36-460d-9979-b07486fb0761","UNDE_066.mosquitoPoint.mos","D05","UNDE","UNDE_066","2023-08-23T23:04Z","2023-08-24T12:40Z","UNDE_066.20230824.0740.S.01",,"CULMOR","Culiseta morsitans","F",,,"UNDE.2023.34.CULMOR.F.A",,
"9f4d14bf-249b-4af2-a35a-118190f5233f","UNDE_066.mosquitoPoint.mos","D05","UNDE","UNDE_066","2023-08-23T23:04Z","2023-08-24T12:40Z","UNDE_066.20230824.0740.S.01",,"AEDDIA","Aedes diantaeus","F",,,"UNDE.2023.34.AEDDIA.F.A",,
"44feed92-68fd-499d-904f-420bf81d2cfe","UNDE_066.mosquitoPoint.mos","D05","UNDE","UNDE_066","2023-08-23T23:04Z","2023-08-24T12:40Z","UNDE_066.20230824.0740.S.01",,"AEDEXC","Aedes excrucians","F",,,"UNDE.2023.34.AEDEXC.F.A",,"MOS.D05.001683|MOS.D05.001682"
"216cb704-f706-4126-8c38-fbfb5079c2c6","UNDE_066.mosquitoPoint.mos","D05","UNDE","UNDE_066","2023-08-23T23:04Z","2023-08-24T12:40Z","UNDE_066.20230824.0740.S.01",,"CULMEL","Culiseta melanura","F",,,"UNDE.2023.34.CULMEL.F.A",,
"1db0c0fa-fd9f-453b-bd26-84c0e54854ce","UNDE_066.mosquitoPoint.mos","D05","UNDE","UNDE_066","2023-08-23T23:04Z","2023-08-24T12:40Z","UNDE_066.20230824.0740.S.01",,"AEDSPP","Aedes sp.","F",,,"UNDE.2023.34.AEDSPP.F.A",,
"6a0cf1a5-e59a-4d62-bdce-32c56a271947","UNDE_075.mosquitoPoint.mos","D05","UNDE","UNDE_075","2023-08-23T23:11Z","2023-08-24T12:49Z","UNDE_075.20230824.0749.S.01",,"AEDEXC","Aedes excrucians","F",,,"UNDE.2023.34.AEDEXC.F.A",,
"cfb38ce0-455d-4bf1-a74b-7d145d40e45d","UNDE_075.mosquitoPoint.mos","D05","UNDE","UNDE_075","2023-08-23T23:11Z","2023-08-24T12:49Z","UNDE_075.20230824.0749.S.01",,"COQPER","Coquillettidia perturbans","M",,,"UNDE.2023.34.COQPER.M.A",,
"fac254e7-ca03-4311-a165-9d05b0c286d7","UNDE_075.mosquitoPoint.mos","D05","UNDE","UNDE_075","2023-08-23T23:11Z","2023-08-24T12:49Z","UNDE_075.20230824.0749.S.01",,"AEDCIN","Aedes cinereus","F",,,"UNDE.2023.34.AEDCIN.F.A",,
"0ecf45b4-be0e-4196-853a-4bc0de06d1ca","UNDE_075.mosquitoPoint.mos","D05","UNDE","UNDE_075","2023-08-23T23:11Z","2023-08-24T12:49Z","UNDE_075.20230824.0749.S.01",,"COQPER","Coquillettidia perturbans","F",,,"UNDE.2023.34.COQPER.F.A",,
"5c902df1-5da3-41ea-b05f-dbec5410f9d4","UNDE_075.mosquitoPoint.mos","D05","UNDE","UNDE_075","2023-08-23T23:11Z","2023-08-24T12:49Z","UNDE_075.20230824.0749.S.01",,"AEDSPP","Aedes sp.","F",,,"UNDE.2023.34.AEDSPP.F.A",,
"70bb45f1-3313-445e-9d90-eef179d01bf2","UNDE_075.mosquitoPoint.mos","D05","UNDE","UNDE_075","2023-08-23T23:11Z","2023-08-24T12:49Z","UNDE_075.20230824.0749.S.01",,"CULMOR","Culiseta morsitans","F",,,"UNDE.2023.34.CULMOR.F.A",,
"16a338b1-4471-4791-9d9e-743d05ae5074","UNDE_075.mosquitoPoint.mos","D05","UNDE","UNDE_075","2023-08-23T23:11Z","2023-08-24T12:49Z","UNDE_075.20230824.0749.S.01",,"ANOWAL","Anopheles walkeri","F",,,,,"MOS.D05.001773"
"4f2a7ba9-329d-4704-b93d-187fd363db26","UNDE_075.mosquitoPoint.mos","D05","UNDE","UNDE_075","2023-08-23T23:11Z","2023-08-24T12:49Z","UNDE_075.20230824.0749.S.01",,"AEDPUN","Aedes punctor","F",,,"UNDE.2023.34.AEDPUN.F.A",,
"e2572efe-a3bb-441a-9af3-694b5a405964","UNDE_075.mosquitoPoint.mos","D05","UNDE","UNDE_075","2023-08-23T23:11Z","2023-08-24T12:49Z","UNDE_075.20230824.0749.S.01",,"AEDFIT","Aedes fitchii","F",,,"UNDE.2023.34.AEDFIT.F.A",,"MOS.D05.001692"
"21593302-ca1b-46e5-899b-17a5f5fdd876","UNDE_075.mosquitoPoint.mos","D05","UNDE","UNDE_075","2023-08-23T23:11Z","2023-08-24T12:49Z","UNDE_075.20230824.0749.S.01",,"AEDDIA","Aedes diantaeus","F",,,"UNDE.2023.34.AEDDIA.F.A",,
"cc9c800f-1fd7-485c-b006-ab9d63c2943c","UNDE_073.mosquitoPoint.mos","D05","UNDE","UNDE_073","2023-08-23T23:20Z","2023-08-24T12:58Z","UNDE_073.20230824.0758.S.01",,"AEDCIN","Aedes cinereus","F",,,"UNDE.2023.34.AEDCIN.F.A",,
"30b12612-b039-4a9f-ab4f-82287ab13fe6","UNDE_073.mosquitoPoint.mos","D05","UNDE","UNDE_073","2023-08-23T23:20Z","2023-08-24T12:58Z","UNDE_073.20230824.0758.S.01",,"AEDTRI1","Aedes triseriatus","F",,,,,"MOS.D05.001748"
"15734fd0-4ab0-421b-a0b4-bc58ced274de","UNDE_073.mosquitoPoint.mos","D05","UNDE","UNDE_073","2023-08-23T23:20Z","2023-08-24T12:58Z","UNDE_073.20230824.0758.S.01",,"AEDVEX","Aedes vexans","F",,,"UNDE.2023.34.AEDVEX.F.A",,
"7233e9ad-aa45-4a81-9916-478606774884","UNDE_073.mosquitoPoint.mos","D05","UNDE","UNDE_073","2023-08-23T23:20Z","2023-08-24T12:58Z","UNDE_073.20230824.0758.S.01",,"COQPER","Coquillettidia perturbans","F",,,"UNDE.2023.34.COQPER.F.A",,
"2a7c2c0e-d492-413f-bcc2-ee6553165aab","UNDE_073.mosquitoPoint.mos","D05","UNDE","UNDE_073","2023-08-23T23:20Z","2023-08-24T12:58Z","UNDE_073.20230824.0758.S.01",,"CULMEL","Culiseta melanura","F",,,"UNDE.2023.34.CULMEL.F.A",,
"0cb08af5-96b9-4fb5-a473-f6596a51ca9e","UNDE_073.mosquitoPoint.mos","D05","UNDE","UNDE_073","2023-08-23T23:20Z","2023-08-24T12:58Z","UNDE_073.20230824.0758.S.01",,"AEDSTI1","Aedes stimulans","F",,,"UNDE.2023.34.AEDSTI1.F.A",,
"4268df4f-b836-4b46-aa01-8d7cd7b6f9ab","UNDE_073.mosquitoPoint.mos","D05","UNDE","UNDE_073","2023-08-23T23:20Z","2023-08-24T12:58Z","UNDE_073.20230824.0758.S.01",,"AEDDIA","Aedes diantaeus","F",,,"UNDE.2023.34.AEDDIA.F.A",,
"77aa0e96-9967-4aef-ae3f-3be511baf516","UNDE_073.mosquitoPoint.mos","D05","UNDE","UNDE_073","2023-08-23T23:20Z","2023-08-24T12:58Z","UNDE_073.20230824.0758.S.01",,"CULMOR","Culiseta morsitans","F",,,"UNDE.2023.34.CULMOR.F.A",,
"ec0253e8-1641-4ac9-91a8-0b8f96474a17","UNDE_073.mosquitoPoint.mos","D05","UNDE","UNDE_073","2023-08-23T23:20Z","2023-08-24T12:58Z","UNDE_073.20230824.0758.S.01",,"AEDSPP","Aedes sp.","F",,,"UNDE.2023.34.AEDSPP.F.A",,
"fd161f3b-5c1c-461f-abe9-7689cef2db4f","UNDE_073.mosquitoPoint.mos","D05","UNDE","UNDE_073","2023-08-23T23:20Z","2023-08-24T12:58Z","UNDE_073.20230824.0758.S.01",,"AEDCAN3","Aedes canadensis canadensis","F",,,"UNDE.2023.34.AEDCAN3.F.A",,
"0392a116-2669-42b1-81eb-b3814aa6e82e","UNDE_073.mosquitoPoint.mos","D05","UNDE","UNDE_073","2023-08-23T23:20Z","2023-08-24T12:58Z","UNDE_073.20230824.0758.S.01",,"AEDEXC","Aedes excrucians","F",,,"UNDE.2023.34.AEDEXC.F.A",,
"1c551953-4356-41eb-8441-828fce2f8cc2","UNDE_070.mosquitoPoint.mos","D05","UNDE","UNDE_070","2023-08-23T23:30Z","2023-08-24T13:10Z","UNDE_070.20230824.0810.S.01",,"AEDSPP","Aedes sp.","F",,,"UNDE.2023.34.AEDSPP.F.A",,
"9794f002-37b1-4678-8394-2c353ef7e543","UNDE_070.mosquitoPoint.mos","D05","UNDE","UNDE_070","2023-08-23T23:30Z","2023-08-24T13:10Z","UNDE_070.20230824.0810.S.01",,"AEDPUN","Aedes punctor","F",,,"UNDE.2023.34.AEDPUN.F.A",,
"0123d9f6-35ae-4b6d-b8fb-43696469bd09","UNDE_070.mosquitoPoint.mos","D05","UNDE","UNDE_070","2023-08-23T23:30Z","2023-08-24T13:10Z","UNDE_070.20230824.0810.S.01",,"AEDCIN","Aedes cinereus","F",,,"UNDE.2023.34.AEDCIN.F.A",,
"0b96349f-84b8-47d0-a174-dcaee288e6c1","UNDE_070.mosquitoPoint.mos","D05","UNDE","UNDE_070","2023-08-23T23:30Z","2023-08-24T13:10Z","UNDE_070.20230824.0810.S.01",,"COQPER","Coquillettidia perturbans","F",,,"UNDE.2023.34.COQPER.F.A",,
"30fc1656-87d2-454e-83ef-adf2454802d0","UNDE_070.mosquitoPoint.mos","D05","UNDE","UNDE_070","2023-08-23T23:30Z","2023-08-24T13:10Z","UNDE_070.20230824.0810.S.01",,"AEDCAN3","Aedes canadensis canadensis","F",,,"UNDE.2023.34.AEDCAN3.F.A",,
"33343bf8-9761-40ef-873e-57975e9c4378","UNDE_070.mosquitoPoint.mos","D05","UNDE","UNDE_070","2023-08-23T23:30Z","2023-08-24T13:10Z","UNDE_070.20230824.0810.S.01",,"AEDTRI1","Aedes triseriatus","F",,,"UNDE.2023.34.AEDTRI1.F.A",,
"5fcd141d-ea79-4df7-9394-71e37f43f737","UNDE_070.mosquitoPoint.mos","D05","UNDE","UNDE_070","2023-08-23T23:30Z","2023-08-24T13:10Z","UNDE_070.20230824.0810.S.01",,"ANOWAL","Anopheles walkeri","F",,,"UNDE.2023.34.ANOWAL.F.A",,
"ac5766d7-8a68-4c22-acb9-0a57b271c9f3","UNDE_070.mosquitoPoint.mos","D05","UNDE","UNDE_070","2023-08-23T23:30Z","2023-08-24T13:10Z","UNDE_070.20230824.0810.S.01",,"AEDEXC","Aedes excrucians","F",,,"UNDE.2023.34.AEDEXC.F.A",,
"3f60c816-0ebd-4f54-aa0c-15e37f26d43b","UNDE_067.mosquitoPoint.mos","D05","UNDE","UNDE_067","2023-08-23T23:45Z","2023-08-24T13:22Z","UNDE_067.20230824.0822.S.01",,"ANOWAL","Anopheles walkeri","F",,,"UNDE.2023.34.ANOWAL.F.A",,
"a69595e2-66ce-4b37-a156-27ad5f2fec46","UNDE_067.mosquitoPoint.mos","D05","UNDE","UNDE_067","2023-08-23T23:45Z","2023-08-24T13:22Z","UNDE_067.20230824.0822.S.01",,"AEDCAN3","Aedes canadensis canadensis","F",,,"UNDE.2023.34.AEDCAN3.F.A",,
"690bfce9-d462-47ee-a2c5-5f8bd634e98e","UNDE_067.mosquitoPoint.mos","D05","UNDE","UNDE_067","2023-08-23T23:45Z","2023-08-24T13:22Z","UNDE_067.20230824.0822.S.01",,"AEDDIA","Aedes diantaeus","F",,,"UNDE.2023.34.AEDDIA.F.A",,
"a1dd7486-464d-450d-81d0-d658f21c5e28","UNDE_067.mosquitoPoint.mos","D05","UNDE","UNDE_067","2023-08-23T23:45Z","2023-08-24T13:22Z","UNDE_067.20230824.0822.S.01",,"AEDSPP","Aedes sp.","F",,,"UNDE.2023.34.AEDSPP.F.A",,
"7dd08974-49a3-44b6-bdcd-4bfae2ea7c65","UNDE_067.mosquitoPoint.mos","D05","UNDE","UNDE_067","2023-08-23T23:45Z","2023-08-24T13:22Z","UNDE_067.20230824.0822.S.01",,"COQPER","Coquillettidia perturbans","F",,,"UNDE.2023.34.COQPER.F.A",,
"bcfb9c16-4873-4f64-a29b-42cbe3940ccb","UNDE_067.mosquitoPoint.mos","D05","UNDE","UNDE_067","2023-08-23T23:45Z","2023-08-24T13:22Z","UNDE_067.20230824.0822.S.01",,"CULMEL","Culiseta melanura","F",,,"UNDE.2023.34.CULMEL.F.A",,
"e7f64067-d57e-4fd4-a894-0c8a17fb62f2","UNDE_067.mosquitoPoint.mos","D05","UNDE","UNDE_067","2023-08-23T23:45Z","2023-08-24T13:22Z","UNDE_067.20230824.0822.S.01",,"ANOPUN","Anopheles punctipennis","F",,,"UNDE.2023.34.ANOPUN.F.A",,
"a275a5a5-8767-4db5-9187-ac49d2406ddd","UNDE_067.mosquitoPoint.mos","D05","UNDE","UNDE_067","2023-08-23T23:45Z","2023-08-24T13:22Z","UNDE_067.20230824.0822.S.01",,"AEDCIN","Aedes cinereus","F",,,"UNDE.2023.34.AEDCIN.F.A",,
"fe1aa34f-c2dd-436e-881e-2471f0a2b272","UNDE_067.mosquitoPoint.mos","D05","UNDE","UNDE_067","2023-08-23T23:45Z","2023-08-24T13:22Z","UNDE_067.20230824.0822.S.01",,"AEDEXC","Aedes excrucians","F",,,"UNDE.2023.34.AEDEXC.F.A",,
"ccc7d979-ea10-4985-a18f-047124b0f9d9","UNDE_068.mosquitoPoint.mos","D05","UNDE","UNDE_068","2023-08-23T23:58Z","2023-08-24T13:50Z","UNDE_068.20230824.0850.S.01",,"AEDCIN","Aedes cinereus","F",,,"UNDE.2023.34.AEDCIN.F.A",,
"50eb4252-4f0e-4e24-ba17-1c33fb7ed3ac","UNDE_068.mosquitoPoint.mos","D05","UNDE","UNDE_068","2023-08-23T23:58Z","2023-08-24T13:50Z","UNDE_068.20230824.0850.S.01",,"ANOPUN","Anopheles punctipennis","F",,,"UNDE.2023.34.ANOPUN.F.A",,
"1f626915-1283-449d-a6be-a27102acef10","UNDE_068.mosquitoPoint.mos","D05","UNDE","UNDE_068","2023-08-23T23:58Z","2023-08-24T13:50Z","UNDE_068.20230824.0850.S.01",,"AEDEXC","Aedes excrucians","F",,,"UNDE.2023.34.AEDEXC.F.A",,
"9f4e0491-c04d-44fc-a470-d413f99cc179","UNDE_068.mosquitoPoint.mos","D05","UNDE","UNDE_068","2023-08-23T23:58Z","2023-08-24T13:50Z","UNDE_068.20230824.0850.S.01",,"AEDSTI1","Aedes stimulans","F",,,"UNDE.2023.34.AEDSTI1.F.A",,
"a4d34d7a-8943-459a-91cc-284b0e4fb9df","UNDE_068.mosquitoPoint.mos","D05","UNDE","UNDE_068","2023-08-23T23:58Z","2023-08-24T13:50Z","UNDE_068.20230824.0850.S.01",,"COQPER","Coquillettidia perturbans","F",,,"UNDE.2023.34.COQPER.F.A",,
"d5734462-909c-4b13-942f-8939e4e1448e","UNDE_074.mosquitoPoint.mos","D05","UNDE","UNDE_074","2023-08-24T00:06Z","2023-08-24T13:56Z","UNDE_074.20230824.0856.S.01",,"AEDEXC","Aedes excrucians","F",,,"UNDE.2023.34.AEDEXC.F.A",,
"60e006cf-47a4-4239-bf93-b4973e7b6f7d","UNDE_074.mosquitoPoint.mos","D05","UNDE","UNDE_074","2023-08-24T00:06Z","2023-08-24T13:56Z","UNDE_074.20230824.0856.S.01",,"AEDVEX","Aedes vexans","F",,,"UNDE.2023.34.AEDVEX.F.A",,
"41ab8ebe-8608-4972-82cd-89efca5105ec","UNDE_074.mosquitoPoint.mos","D05","UNDE","UNDE_074","2023-08-24T00:06Z","2023-08-24T13:56Z","UNDE_074.20230824.0856.S.01",,"AEDCAN3","Aedes canadensis canadensis","F",,,"UNDE.2023.34.AEDCAN3.F.A",,
"a862564a-0c9e-4274-8a81-cfd28ce83f66","UNDE_074.mosquitoPoint.mos","D05","UNDE","UNDE_074","2023-08-24T00:06Z","2023-08-24T13:56Z","UNDE_074.20230824.0856.S.01",,"AEDSTI1","Aedes stimulans","F",,,"UNDE.2023.34.AEDSTI1.F.A",,
"be16d569-a9a5-4345-be04-d9f6a75075b4","UNDE_074.mosquitoPoint.mos","D05","UNDE","UNDE_074","2023-08-24T00:06Z","2023-08-24T13:56Z","UNDE_074.20230824.0856.S.01",,"ANOPUN","Anopheles punctipennis","F",,,"UNDE.2023.34.ANOPUN.F.A",,
"787f46e4-624d-4452-b1cc-b9841e04a12e","UNDE_074.mosquitoPoint.mos","D05","UNDE","UNDE_074","2023-08-24T00:06Z","2023-08-24T13:56Z","UNDE_074.20230824.0856.S.01",,"COQPER","Coquillettidia perturbans","F",,,"UNDE.2023.34.COQPER.F.A",,
"36308015-cddf-4ef7-a9e9-25c6434ebce1","UNDE_074.mosquitoPoint.mos","D05","UNDE","UNDE_074","2023-08-24T00:06Z","2023-08-24T13:56Z","UNDE_074.20230824.0856.S.01",,"AEDPUN","Aedes punctor","F",,,"UNDE.2023.34.AEDPUN.F.A",,
"5d79c2c0-34ad-4ef7-86d2-a97401e81503","UNDE_074.mosquitoPoint.mos","D05","UNDE","UNDE_074","2023-08-24T00:06Z","2023-08-24T13:56Z","UNDE_074.20230824.0856.S.01",,"AEDSPP","Aedes sp.","F",,,"UNDE.2023.34.AEDSPP.F.A",,
"c14e7e08-cf84-46ad-983f-2aa38a5cf123","UNDE_074.mosquitoPoint.mos","D05","UNDE","UNDE_074","2023-08-24T00:06Z","2023-08-24T13:56Z","UNDE_074.20230824.0856.S.01",,"AEDCIN","Aedes cinereus","F",,,"UNDE.2023.34.AEDCIN.F.A",,
"d89b8c75-2329-4e08-9142-1722ec92775a","UNDE_076.mosquitoPoint.mos","D05","UNDE","UNDE_076","2023-08-24T00:14Z","2023-08-24T14:02Z","UNDE_076.20230824.0902.S.01",,"AEDDIA","Aedes diantaeus","F",,,"UNDE.2023.34.AEDDIA.F.A",,
"5d9695e0-b0fc-4f1e-8299-cc6cc153d897","UNDE_076.mosquitoPoint.mos","D05","UNDE","UNDE_076","2023-08-24T00:14Z","2023-08-24T14:02Z","UNDE_076.20230824.0902.S.01",,"AEDCAN3","Aedes canadensis canadensis","F",,,"UNDE.2023.34.AEDCAN3.F.A",,
"213922e8-9651-4601-9420-bbdeaeb98d3e","UNDE_076.mosquitoPoint.mos","D05","UNDE","UNDE_076","2023-08-24T00:14Z","2023-08-24T14:02Z","UNDE_076.20230824.0902.S.01",,"COQPER","Coquillettidia perturbans","M",,,"UNDE.2023.34.COQPER.M.A",,
"9cd99d48-d027-4d31-8153-bd142b446532","UNDE_076.mosquitoPoint.mos","D05","UNDE","UNDE_076","2023-08-24T00:14Z","2023-08-24T14:02Z","UNDE_076.20230824.0902.S.01",,"AEDTRI1","Aedes triseriatus","F",,,,,"MOS.D05.001747"
"cd499731-8ef3-45c6-9f12-4f0a819eb3d2","UNDE_076.mosquitoPoint.mos","D05","UNDE","UNDE_076","2023-08-24T00:14Z","2023-08-24T14:02Z","UNDE_076.20230824.0902.S.01",,"AEDCIN","Aedes cinereus","F",,,"UNDE.2023.34.AEDCIN.F.A",,
"74f57813-8ba2-44fb-bb85-40f9291106ed","UNDE_076.mosquitoPoint.mos","D05","UNDE","UNDE_076","2023-08-24T00:14Z","2023-08-24T14:02Z","UNDE_076.20230824.0902.S.01",,"AEDPUN","Aedes punctor","F",,,"UNDE.2023.34.AEDPUN.F.A",,
"ce005511-37c1-497c-bded-692e80ee9255","UNDE_076.mosquitoPoint.mos","D05","UNDE","UNDE_076","2023-08-24T00:14Z","2023-08-24T14:02Z","UNDE_076.20230824.0902.S.01",,"COQPER","Coquillettidia perturbans","F",,,"UNDE.2023.34.COQPER.F.A",,
"3934a907-642e-422c-8aa2-b86f14e033cc","UNDE_076.mosquitoPoint.mos","D05","UNDE","UNDE_076","2023-08-24T00:14Z","2023-08-24T14:02Z","UNDE_076.20230824.0902.S.01",,"AEDEXC","Aedes excrucians","F",,,"UNDE.2023.34.AEDEXC.F.A",,
"5fdf164f-8fe0-4a95-b669-c8e02a8d44f8","UNDE_076.mosquitoPoint.mos","D05","UNDE","UNDE_076","2023-08-24T00:14Z","2023-08-24T14:02Z","UNDE_076.20230824.0902.S.01",,"CULMEL","Culiseta melanura","F",,,"UNDE.2023.34.CULMEL.F.A",,
"67d38fc8-caa6-4baa-b043-7e6993ceb28b","UNDE_076.mosquitoPoint.mos","D05","UNDE","UNDE_076","2023-08-24T00:14Z","2023-08-24T14:02Z","UNDE_076.20230824.0902.S.01",,"ANOPUN","Anopheles punctipennis","F",,,"UNDE.2023.34.ANOPUN.F.A",,"MOS.D05.001769|MOS.D05.001768"
"3b55bde1-f5af-497e-b99d-7e6451d46754","UNDE_076.mosquitoPoint.mos","D05","UNDE","UNDE_076","2023-08-24T00:14Z","2023-08-24T14:02Z","UNDE_076.20230824.0902.S.01",,"AEDVEX","Aedes vexans","F",,,"UNDE.2023.34.AEDVEX.F.A",,
"0ba14677-8d87-4f88-a1cb-b6f359b9f8d8","UNDE_072.mosquitoPoint.mos","D05","UNDE","UNDE_072","2023-08-24T12:13Z","2023-08-24T22:57Z","UNDE_072.20230824.1757.S.01",,"AEDFIT","Aedes fitchii","F",,,"UNDE.2023.34.AEDFIT.F.A",,
"459799bc-e992-4f73-8041-d16eb32a2da8","UNDE_072.mosquitoPoint.mos","D05","UNDE","UNDE_072","2023-08-24T12:13Z","2023-08-24T22:57Z","UNDE_072.20230824.1757.S.01",,"AEDEXC","Aedes excrucians","F",,,"UNDE.2023.34.AEDEXC.F.A",,
"13f2bb4c-6178-420b-99fc-87fb5ca81686","UNDE_072.mosquitoPoint.mos","D05","UNDE","UNDE_072","2023-08-24T12:13Z","2023-08-24T22:57Z","UNDE_072.20230824.1757.S.01",,"AEDSPP","Aedes sp.","F",,,"UNDE.2023.34.AEDSPP.F.A",,
"7a8a36c0-034a-4935-ad53-93532158c418","UNDE_072.mosquitoPoint.mos","D05","UNDE","UNDE_072","2023-08-24T12:13Z","2023-08-24T22:57Z","UNDE_072.20230824.1757.S.01",,"AEDPUN","Aedes punctor","F",,,"UNDE.2023.34.AEDPUN.F.A",,
"1357c5c6-5848-407d-8702-061180874e0d","UNDE_072.mosquitoPoint.mos","D05","UNDE","UNDE_072","2023-08-24T12:13Z","2023-08-24T22:57Z","UNDE_072.20230824.1757.S.01",,"COQPER","Coquillettidia perturbans","F",,,"UNDE.2023.34.COQPER.F.A",,
"cf64be97-b8d8-46f7-9f64-3a55eb8ce2d8","UNDE_072.mosquitoPoint.mos","D05","UNDE","UNDE_072","2023-08-24T12:13Z","2023-08-24T22:57Z","UNDE_072.20230824.1757.S.01",,"AEDDIA","Aedes diantaeus","F",,,"UNDE.2023.34.AEDDIA.F.A",,
"1b83fd31-7518-4713-b6b7-dbde8bbed2ae","UNDE_072.mosquitoPoint.mos","D05","UNDE","UNDE_072","2023-08-24T12:13Z","2023-08-24T22:57Z","UNDE_072.20230824.1757.S.01",,"AEDCOM","Aedes communis","F",,,"UNDE.2023.34.AEDCOM.F.A",,
"0d0ca15b-3afd-40e0-aa0e-d321ebb155bb","UNDE_072.mosquitoPoint.mos","D05","UNDE","UNDE_072","2023-08-24T12:13Z","2023-08-24T22:57Z","UNDE_072.20230824.1757.S.01",,"AEDSTI1","Aedes stimulans","F",,,"UNDE.2023.34.AEDSTI1.F.A",,
"18ef91e8-80d4-4584-af7b-2fa6d5116254","UNDE_072.mosquitoPoint.mos","D05","UNDE","UNDE_072","2023-08-24T12:13Z","2023-08-24T22:57Z","UNDE_072.20230824.1757.S.01",,"AEDCAN3","Aedes canadensis canadensis","F",,,"UNDE.2023.34.AEDCAN3.F.A",,
"d39aee28-17a9-4fa4-894d-2f7195485e7c","UNDE_072.mosquitoPoint.mos","D05","UNDE","UNDE_072","2023-08-24T12:13Z","2023-08-24T22:57Z","UNDE_072.20230824.1757.S.01",,"AEDCIN","Aedes cinereus","F",,,"UNDE.2023.34.AEDCIN.F.A",,
"a79e5ca7-4039-4f5e-a4b2-34902ec306a5","UNDE_071.mosquitoPoint.mos","D05","UNDE","UNDE_071","2023-08-24T12:32Z","2023-08-24T23:12Z","UNDE_071.20230824.1812.S.01",,"ANOWAL","Anopheles walkeri","F",,,"UNDE.2023.34.ANOWAL.F.A",,
"af9feb21-68dc-4b32-aa20-6f1de455594c","UNDE_071.mosquitoPoint.mos","D05","UNDE","UNDE_071","2023-08-24T12:32Z","2023-08-24T23:12Z","UNDE_071.20230824.1812.S.01",,"AEDCIN","Aedes cinereus","F",,,"UNDE.2023.34.AEDCIN.F.A",,
"06b402a2-eaa9-47ce-86b8-d4cf8ebc5c48","UNDE_071.mosquitoPoint.mos","D05","UNDE","UNDE_071","2023-08-24T12:32Z","2023-08-24T23:12Z","UNDE_071.20230824.1812.S.01",,"AEDFIT","Aedes fitchii","F",,,"UNDE.2023.34.AEDFIT.F.A",,
"bf163f40-d3f6-4560-8061-04fe91aae423","UNDE_071.mosquitoPoint.mos","D05","UNDE","UNDE_071","2023-08-24T12:32Z","2023-08-24T23:12Z","UNDE_071.20230824.1812.S.01",,"AEDSPP","Aedes sp.","F",,,"UNDE.2023.34.AEDSPP.F.A",,
"c55fe0d7-fdf1-424c-a128-690d45613b48","UNDE_071.mosquitoPoint.mos","D05","UNDE","UNDE_071","2023-08-24T12:32Z","2023-08-24T23:12Z","UNDE_071.20230824.1812.S.01",,"AEDCAN3","Aedes canadensis canadensis","F",,,"UNDE.2023.34.AEDCAN3.F.A",,
"bf5a2089-e94d-488c-9557-650dc16f4837","UNDE_071.mosquitoPoint.mos","D05","UNDE","UNDE_071","2023-08-24T12:32Z","2023-08-24T23:12Z","UNDE_071.20230824.1812.S.01",,"AEDDIA","Aedes diantaeus","F",,,"UNDE.2023.34.AEDDIA.F.A",,
"5d80e405-4650-41d6-b2a8-e319143afa03","UNDE_071.mosquitoPoint.mos","D05","UNDE","UNDE_071","2023-08-24T12:32Z","2023-08-24T23:12Z","UNDE_071.20230824.1812.S.01",,"ANOPUN","Anopheles punctipennis","F",,,"UNDE.2023.34.ANOPUN.F.A",,
"5c9add63-9aab-4194-a9f5-ab488f2932bf","UNDE_071.mosquitoPoint.mos","D05","UNDE","UNDE_071","2023-08-24T12:32Z","2023-08-24T23:12Z","UNDE_071.20230824.1812.S.01",,"AEDPUN","Aedes punctor","F",,,"UNDE.2023.34.AEDPUN.F.A",,
"3f27fbdf-20dc-43f2-bf57-bd4a5e235ef4","UNDE_071.mosquitoPoint.mos","D05","UNDE","UNDE_071","2023-08-24T12:32Z","2023-08-24T23:12Z","UNDE_071.20230824.1812.S.01",,"AEDEXC","Aedes excrucians","F",,,"UNDE.2023.34.AEDEXC.F.A",,
"4cff30fe-736a-4fd6-83a6-d1e656c90f67","UNDE_071.mosquitoPoint.mos","D05","UNDE","UNDE_071","2023-08-24T12:32Z","2023-08-24T23:12Z","UNDE_071.20230824.1812.S.01",,"COQPER","Coquillettidia perturbans","F",,,"UNDE.2023.34.COQPER.F.A",,
"ff6f81ed-d125-424d-ab27-0b4f61142eac","UNDE_066.mosquitoPoint.mos","D05","UNDE","UNDE_066","2023-08-24T12:40Z","2023-08-24T23:20Z","UNDE_066.20230824.1820.S.01",,"COQPER","Coquillettidia perturbans","F",,,"UNDE.2023.34.COQPER.F.A",,
"6e9af347-5815-481e-9cf0-f7ec1294da54","UNDE_066.mosquitoPoint.mos","D05","UNDE","UNDE_066","2023-08-24T12:40Z","2023-08-24T23:20Z","UNDE_066.20230824.1820.S.01",,"AEDCOM","Aedes communis","F",,,"UNDE.2023.34.AEDCOM.F.A",,
"97e6d726-c2ba-4b6f-9b46-51015ec54c0f","UNDE_066.mosquitoPoint.mos","D05","UNDE","UNDE_066","2023-08-24T12:40Z","2023-08-24T23:20Z","UNDE_066.20230824.1820.S.01",,"AEDFIT","Aedes fitchii","F",,,"UNDE.2023.34.AEDFIT.F.A",,
"a0edf4bb-9288-4225-b850-fa0e2d4066fc","UNDE_066.mosquitoPoint.mos","D05","UNDE","UNDE_066","2023-08-24T12:40Z","2023-08-24T23:20Z","UNDE_066.20230824.1820.S.01",,"AEDEXC","Aedes excrucians","F",,,"UNDE.2023.34.AEDEXC.F.A",,
"5923659a-5282-46fc-8c17-6d91f75a6061","UNDE_066.mosquitoPoint.mos","D05","UNDE","UNDE_066","2023-08-24T12:40Z","2023-08-24T23:20Z","UNDE_066.20230824.1820.S.01",,"AEDSPP","Aedes sp.","F",,,"UNDE.2023.34.AEDSPP.F.A",,
"e1ff9448-9037-45ca-b910-d7ec5e116ce4","UNDE_066.mosquitoPoint.mos","D05","UNDE","UNDE_066","2023-08-24T12:40Z","2023-08-24T23:20Z","UNDE_066.20230824.1820.S.01",,"AEDDIA","Aedes diantaeus","F",,,"UNDE.2023.34.AEDDIA.F.A",,
"1aaef4d2-e8f2-4474-9b91-dc797900179f","UNDE_066.mosquitoPoint.mos","D05","UNDE","UNDE_066","2023-08-24T12:40Z","2023-08-24T23:20Z","UNDE_066.20230824.1820.S.01",,"AEDCIN","Aedes cinereus","F",,,"UNDE.2023.34.AEDCIN.F.A",,
"6fb9e81b-0d7b-42ea-8f03-11caaea3aa75","UNDE_066.mosquitoPoint.mos","D05","UNDE","UNDE_066","2023-08-24T12:40Z","2023-08-24T23:20Z","UNDE_066.20230824.1820.S.01",,"AEDCAN3","Aedes canadensis canadensis","F",,,"UNDE.2023.34.AEDCAN3.F.A",,
"ca9202c4-1f73-4a8e-8b87-55c079127833","UNDE_075.mosquitoPoint.mos","D05","UNDE","UNDE_075","2023-08-24T12:52Z","2023-08-24T23:27Z","UNDE_075.20230824.1827.S.01",,"AEDCOM","Aedes communis","F",,,"UNDE.2023.34.AEDCOM.F.A",,
"16425fce-9fb9-46af-99bd-ff17c0a2e4ec","UNDE_075.mosquitoPoint.mos","D05","UNDE","UNDE_075","2023-08-24T12:52Z","2023-08-24T23:27Z","UNDE_075.20230824.1827.S.01",,"AEDCIN","Aedes cinereus","F",,,"UNDE.2023.34.AEDCIN.F.A",,
"72c6998f-d0a4-4f5b-8c85-1384422ccece","UNDE_075.mosquitoPoint.mos","D05","UNDE","UNDE_075","2023-08-24T12:52Z","2023-08-24T23:27Z","UNDE_075.20230824.1827.S.01",,"AEDSTI1","Aedes stimulans","F",,,"UNDE.2023.34.AEDSTI1.F.A",,
"27db5e1f-e375-42b1-9943-1a8b198e55ce","UNDE_075.mosquitoPoint.mos","D05","UNDE","UNDE_075","2023-08-24T12:52Z","2023-08-24T23:27Z","UNDE_075.20230824.1827.S.01",,"AEDDIA","Aedes diantaeus","F",,,"UNDE.2023.34.AEDDIA.F.A",,
"04603b23-dc9f-4013-9173-6748ddd5c237","UNDE_075.mosquitoPoint.mos","D05","UNDE","UNDE_075","2023-08-24T12:52Z","2023-08-24T23:27Z","UNDE_075.20230824.1827.S.01",,"ANOWAL","Anopheles walkeri","F",,,"UNDE.2023.34.ANOWAL.F.A",,
"5b7ffff4-b862-44a9-aa45-9f269710024b","UNDE_075.mosquitoPoint.mos","D05","UNDE","UNDE_075","2023-08-24T12:52Z","2023-08-24T23:27Z","UNDE_075.20230824.1827.S.01",,"COQPER","Coquillettidia perturbans","F",,,"UNDE.2023.34.COQPER.F.A",,
"45300d44-3dac-43a7-9f08-bb3bf452aff2","UNDE_075.mosquitoPoint.mos","D05","UNDE","UNDE_075","2023-08-24T12:52Z","2023-08-24T23:27Z","UNDE_075.20230824.1827.S.01",,"AEDCAN3","Aedes canadensis canadensis","F",,,"UNDE.2023.34.AEDCAN3.F.A",,
"940ce12a-25b7-4bfc-8a0e-3ad0ae6b21cd","UNDE_075.mosquitoPoint.mos","D05","UNDE","UNDE_075","2023-08-24T12:52Z","2023-08-24T23:27Z","UNDE_075.20230824.1827.S.01",,"AEDEXC","Aedes excrucians","F",,,"UNDE.2023.34.AEDEXC.F.A",,
"48d1ab81-34fb-48ea-b1c9-2f0a8f36e01c","UNDE_075.mosquitoPoint.mos","D05","UNDE","UNDE_075","2023-08-24T12:52Z","2023-08-24T23:27Z","UNDE_075.20230824.1827.S.01",,"AEDPUN","Aedes punctor","F",,,"UNDE.2023.34.AEDPUN.F.A",,
"8fe27685-5e91-4d22-a44b-50f4ce9777c2","UNDE_075.mosquitoPoint.mos","D05","UNDE","UNDE_075","2023-08-24T12:52Z","2023-08-24T23:27Z","UNDE_075.20230824.1827.S.01",,"AEDSPP","Aedes sp.","F",,,"UNDE.2023.34.AEDSPP.F.A",,
"f96707d5-9155-4ccb-bc91-fcb17c5f1c26","UNDE_075.mosquitoPoint.mos","D05","UNDE","UNDE_075","2023-08-24T12:52Z","2023-08-24T23:27Z","UNDE_075.20230824.1827.S.01",,"AEDFIT","Aedes fitchii","F",,,"UNDE.2023.34.AEDFIT.F.A",,
"5aede121-2b85-4cae-be31-8eca47fbf92d","UNDE_073.mosquitoPoint.mos","D05","UNDE","UNDE_073","2023-08-24T12:58Z","2023-08-24T23:34Z","UNDE_073.20230824.1834.S.01",,"AEDFIT","Aedes fitchii","F",,,"UNDE.2023.34.AEDFIT.F.A",,
"d228c1c2-4f44-457a-a074-5558337d4c71","UNDE_073.mosquitoPoint.mos","D05","UNDE","UNDE_073","2023-08-24T12:58Z","2023-08-24T23:34Z","UNDE_073.20230824.1834.S.01",,"AEDDIA","Aedes diantaeus","F",,,"UNDE.2023.34.AEDDIA.F.A",,
"5e1ac5f7-f687-4ecc-9835-f34833b3c88c","UNDE_073.mosquitoPoint.mos","D05","UNDE","UNDE_073","2023-08-24T12:58Z","2023-08-24T23:34Z","UNDE_073.20230824.1834.S.01",,"AEDVEX","Aedes vexans","F",,,"UNDE.2023.34.AEDVEX.F.A",,
"6c44846e-2dc9-4d2f-812a-a8e35d2671ba","UNDE_073.mosquitoPoint.mos","D05","UNDE","UNDE_073","2023-08-24T12:58Z","2023-08-24T23:34Z","UNDE_073.20230824.1834.S.01",,"AEDSTI1","Aedes stimulans","F",,,"UNDE.2023.34.AEDSTI1.F.A",,
"f891004f-0dea-48f4-a487-2ece8bcbdbf4","UNDE_073.mosquitoPoint.mos","D05","UNDE","UNDE_073","2023-08-24T12:58Z","2023-08-24T23:34Z","UNDE_073.20230824.1834.S.01",,"AEDCIN","Aedes cinereus","F",,,"UNDE.2023.34.AEDCIN.F.A",,
"40d3e9bb-3e39-4637-8595-a83ca33ad7a6","UNDE_073.mosquitoPoint.mos","D05","UNDE","UNDE_073","2023-08-24T12:58Z","2023-08-24T23:34Z","UNDE_073.20230824.1834.S.01",,"COQPER","Coquillettidia perturbans","F",,,"UNDE.2023.34.COQPER.F.A",,
"436ef582-294c-4452-960c-31efe88e854d","UNDE_073.mosquitoPoint.mos","D05","UNDE","UNDE_073","2023-08-24T12:58Z","2023-08-24T23:34Z","UNDE_073.20230824.1834.S.01",,"AEDSPP","Aedes sp.","F",,,"UNDE.2023.34.AEDSPP.F.A",,
"4c81a839-d09c-45ed-8b85-878c8e6425a2","UNDE_073.mosquitoPoint.mos","D05","UNDE","UNDE_073","2023-08-24T12:58Z","2023-08-24T23:34Z","UNDE_073.20230824.1834.S.01",,"AEDPUN","Aedes punctor","F",,,"UNDE.2023.34.AEDPUN.F.A",,
"4a54423b-6b4e-4782-a105-36cde291d8b4","UNDE_073.mosquitoPoint.mos","D05","UNDE","UNDE_073","2023-08-24T12:58Z","2023-08-24T23:34Z","UNDE_073.20230824.1834.S.01",,"AEDCAN3","Aedes canadensis canadensis","F",,,"UNDE.2023.34.AEDCAN3.F.A",,
"d075e3c0-5d97-474a-af37-0baca9962e2e","UNDE_073.mosquitoPoint.mos","D05","UNDE","UNDE_073","2023-08-24T12:58Z","2023-08-24T23:34Z","UNDE_073.20230824.1834.S.01",,"AEDCOM","Aedes communis","F",,,"UNDE.2023.34.AEDCOM.F.A",,
"3ff5d7c2-6a17-4fd6-90f5-d847beb1ac45","UNDE_073.mosquitoPoint.mos","D05","UNDE","UNDE_073","2023-08-24T12:58Z","2023-08-24T23:34Z","UNDE_073.20230824.1834.S.01",,"AEDEXC","Aedes excrucians","F",,,"UNDE.2023.34.AEDEXC.F.A",,
"3e83540a-3a3b-42c8-bcd0-9fde85e17bfb","UNDE_070.mosquitoPoint.mos","D05","UNDE","UNDE_070","2023-08-24T13:10Z","2023-08-24T23:43Z","UNDE_070.20230824.1843.S.01",,"AEDSPP","Aedes sp.","F",,,"UNDE.2023.34.AEDSPP.F.A",,
"df0046c2-1761-41ef-822c-943cb784b023","UNDE_070.mosquitoPoint.mos","D05","UNDE","UNDE_070","2023-08-24T13:10Z","2023-08-24T23:43Z","UNDE_070.20230824.1843.S.01",,"ANOWAL","Anopheles walkeri","F",,,"UNDE.2023.34.ANOWAL.F.A",,
"a8f00fd6-81a2-49a1-a3d7-a402b3279ad4","UNDE_070.mosquitoPoint.mos","D05","UNDE","UNDE_070","2023-08-24T13:10Z","2023-08-24T23:43Z","UNDE_070.20230824.1843.S.01",,"COQPER","Coquillettidia perturbans","F",,,"UNDE.2023.34.COQPER.F.A",,
"64c2d2f3-2849-4ec4-b994-4d61996e0c9b","UNDE_070.mosquitoPoint.mos","D05","UNDE","UNDE_070","2023-08-24T13:10Z","2023-08-24T23:43Z","UNDE_070.20230824.1843.S.01",,"AEDEXC","Aedes excrucians","F",,,"UNDE.2023.34.AEDEXC.F.A",,
"0ead29b7-7eb2-41ed-9765-3d891baf0144","UNDE_070.mosquitoPoint.mos","D05","UNDE","UNDE_070","2023-08-24T13:10Z","2023-08-24T23:43Z","UNDE_070.20230824.1843.S.01",,"AEDCIN","Aedes cinereus","F",,,"UNDE.2023.34.AEDCIN.F.A",,
"6594851d-5bfa-4698-ae36-9cde0277a318","UNDE_070.mosquitoPoint.mos","D05","UNDE","UNDE_070","2023-08-24T13:10Z","2023-08-24T23:43Z","UNDE_070.20230824.1843.S.01",,"AEDDIA","Aedes diantaeus","F",,,"UNDE.2023.34.AEDDIA.F.A",,
"fbada0d9-3754-4536-935e-727ca8ac2bb0","UNDE_070.mosquitoPoint.mos","D05","UNDE","UNDE_070","2023-08-24T13:10Z","2023-08-24T23:43Z","UNDE_070.20230824.1843.S.01",,"AEDPUN","Aedes punctor","F",,,"UNDE.2023.34.AEDPUN.F.A",,
"a2d71e10-1cb1-4420-9231-11fdd6cd49fe","UNDE_070.mosquitoPoint.mos","D05","UNDE","UNDE_070","2023-08-24T13:10Z","2023-08-24T23:43Z","UNDE_070.20230824.1843.S.01",,"AEDCAN3","Aedes canadensis canadensis","F",,,"UNDE.2023.34.AEDCAN3.F.A",,
"c334cfff-869e-40ff-ba6c-535d7c34ef97","UNDE_070.mosquitoPoint.mos","D05","UNDE","UNDE_070","2023-08-24T13:10Z","2023-08-24T23:43Z","UNDE_070.20230824.1843.S.01",,"AEDCOM","Aedes communis","F",,,"UNDE.2023.34.AEDCOM.F.A",,
"9e5c51ac-286c-4efc-9801-dad3354b9e52","UNDE_067.mosquitoPoint.mos","D05","UNDE","UNDE_067","2023-08-24T13:22Z","2023-08-24T23:55Z","UNDE_067.20230824.1855.S.01",,"AEDCIN","Aedes cinereus","F",,,"UNDE.2023.34.AEDCIN.F.A",,
"3655cf31-715e-4a21-8c46-fc6ff8f6e094","UNDE_067.mosquitoPoint.mos","D05","UNDE","UNDE_067","2023-08-24T13:22Z","2023-08-24T23:55Z","UNDE_067.20230824.1855.S.01",,"AEDSPP","Aedes sp.","F",,,"UNDE.2023.34.AEDSPP.F.A",,
"4d66f4cd-213e-4d45-989c-93e954dd3b69","UNDE_067.mosquitoPoint.mos","D05","UNDE","UNDE_067","2023-08-24T13:22Z","2023-08-24T23:55Z","UNDE_067.20230824.1855.S.01",,"AEDEXC","Aedes excrucians","F",,,"UNDE.2023.34.AEDEXC.F.A",,
"31fa45f9-3558-4587-a4b5-d5df68c79ea1","UNDE_067.mosquitoPoint.mos","D05","UNDE","UNDE_067","2023-08-24T13:22Z","2023-08-24T23:55Z","UNDE_067.20230824.1855.S.01",,"AEDFIT","Aedes fitchii","F",,,"UNDE.2023.34.AEDFIT.F.A",,
"2aa6d34a-b94f-425a-b4f3-55ce8a9524be","UNDE_067.mosquitoPoint.mos","D05","UNDE","UNDE_067","2023-08-24T13:22Z","2023-08-24T23:55Z","UNDE_067.20230824.1855.S.01",,"COQPER","Coquillettidia perturbans","F",,,"UNDE.2023.34.COQPER.F.A",,
"9154d542-6ac2-4e32-9d42-931f096863e5","UNDE_067.mosquitoPoint.mos","D05","UNDE","UNDE_067","2023-08-24T13:22Z","2023-08-24T23:55Z","UNDE_067.20230824.1855.S.01",,"AEDDIA","Aedes diantaeus","F",,,"UNDE.2023.34.AEDDIA.F.A",,
"9c8e23bb-4019-4b73-8996-e32c85b10626","UNDE_067.mosquitoPoint.mos","D05","UNDE","UNDE_067","2023-08-24T13:22Z","2023-08-24T23:55Z","UNDE_067.20230824.1855.S.01",,"AEDVEX","Aedes vexans","F",,,"UNDE.2023.34.AEDVEX.F.A",,
"6b28d1d6-4137-4442-9825-16a58b4acaee","UNDE_068.mosquitoPoint.mos","D05","UNDE","UNDE_068","2023-08-24T13:50Z","2023-08-25T00:13Z","UNDE_068.20230824.1913.S.01",,"AEDSPP","Aedes sp.","F",,,"UNDE.2023.34.AEDSPP.F.A",,
"8e869dd1-38d6-4846-a121-b65725111b0a","UNDE_068.mosquitoPoint.mos","D05","UNDE","UNDE_068","2023-08-24T13:50Z","2023-08-25T00:13Z","UNDE_068.20230824.1913.S.01",,"AEDCOM","Aedes communis","F",,,"UNDE.2023.34.AEDCOM.F.A",,
"ceffadb4-e7d9-4597-8ab8-b129e73e7b1b","UNDE_068.mosquitoPoint.mos","D05","UNDE","UNDE_068","2023-08-24T13:50Z","2023-08-25T00:13Z","UNDE_068.20230824.1913.S.01",,"COQPER","Coquillettidia perturbans","F",,,"UNDE.2023.34.COQPER.F.A",,
"c7b76d40-58d2-453d-83ce-a1ef04138c10","UNDE_068.mosquitoPoint.mos","D05","UNDE","UNDE_068","2023-08-24T13:50Z","2023-08-25T00:13Z","UNDE_068.20230824.1913.S.01",,"AEDPUN","Aedes punctor","F",,,"UNDE.2023.34.AEDPUN.F.A",,
"11a7f41f-1599-492f-964a-220411b38c53","UNDE_068.mosquitoPoint.mos","D05","UNDE","UNDE_068","2023-08-24T13:50Z","2023-08-25T00:13Z","UNDE_068.20230824.1913.S.01",,"AEDEXC","Aedes excrucians","F",,,"UNDE.2023.34.AEDEXC.F.A",,
"bb36e95c-8fd0-4f9e-8461-683f32661b04","UNDE_068.mosquitoPoint.mos","D05","UNDE","UNDE_068","2023-08-24T13:50Z","2023-08-25T00:13Z","UNDE_068.20230824.1913.S.01",,"ANOPUN","Anopheles punctipennis","F",,,"UNDE.2023.34.ANOPUN.F.A",,
"71809d19-37a6-400f-a869-3c771603fbbe","UNDE_068.mosquitoPoint.mos","D05","UNDE","UNDE_068","2023-08-24T13:50Z","2023-08-25T00:13Z","UNDE_068.20230824.1913.S.01",,"AEDCIN","Aedes cinereus","F",,,"UNDE.2023.34.AEDCIN.F.A",,
"8bee2391-225f-4e27-807b-dd726a5155f1","UNDE_068.mosquitoPoint.mos","D05","UNDE","UNDE_068","2023-08-24T13:50Z","2023-08-25T00:13Z","UNDE_068.20230824.1913.S.01",,"AEDVEX","Aedes vexans","F",,,"UNDE.2023.34.AEDVEX.F.A",,
"407f8f35-b81e-476c-bafd-115f552b3969","UNDE_068.mosquitoPoint.mos","D05","UNDE","UNDE_068","2023-08-24T13:50Z","2023-08-25T00:13Z","UNDE_068.20230824.1913.S.01",,"AEDCAN3","Aedes canadensis canadensis","F",,,"UNDE.2023.34.AEDCAN3.F.A",,
"bd885482-22ce-43c3-a263-e2e36a2582d3","UNDE_074.mosquitoPoint.mos","D05","UNDE","UNDE_074","2023-08-24T13:56Z","2023-08-25T00:20Z","UNDE_074.20230824.1920.S.01",,"AEDEXC","Aedes excrucians","F",,,"UNDE.2023.34.AEDEXC.F.A",,
"1ffd03b1-bcc5-4e33-a4fa-c900f8899ac5","UNDE_074.mosquitoPoint.mos","D05","UNDE","UNDE_074","2023-08-24T13:56Z","2023-08-25T00:20Z","UNDE_074.20230824.1920.S.01",,"AEDPUN","Aedes punctor","F",,,"UNDE.2023.34.AEDPUN.F.A",,
"0394d699-1e11-4f0b-bb7b-49de454774ec","UNDE_074.mosquitoPoint.mos","D05","UNDE","UNDE_074","2023-08-24T13:56Z","2023-08-25T00:20Z","UNDE_074.20230824.1920.S.01",,"AEDDIA","Aedes diantaeus","F",,,"UNDE.2023.34.AEDDIA.F.A",,
"3f32bb70-87b9-4572-baf9-ff266d7de47e","UNDE_074.mosquitoPoint.mos","D05","UNDE","UNDE_074","2023-08-24T13:56Z","2023-08-25T00:20Z","UNDE_074.20230824.1920.S.01",,"AEDCIN","Aedes cinereus","F",,,"UNDE.2023.34.AEDCIN.F.A",,
"3cb15a4e-6070-4437-8cba-e80678300e23","UNDE_074.mosquitoPoint.mos","D05","UNDE","UNDE_074","2023-08-24T13:56Z","2023-08-25T00:20Z","UNDE_074.20230824.1920.S.01",,"AEDCAN3","Aedes canadensis canadensis","F",,,"UNDE.2023.34.AEDCAN3.F.A",,
"e8fc727e-5cf6-4ea1-989b-262dacdc1478","UNDE_074.mosquitoPoint.mos","D05","UNDE","UNDE_074","2023-08-24T13:56Z","2023-08-25T00:20Z","UNDE_074.20230824.1920.S.01",,"AEDSTI1","Aedes stimulans","F",,,"UNDE.2023.34.AEDSTI1.F.A",,
"ac6632e8-5ba1-4e18-9c9f-e457192d9da1","UNDE_074.mosquitoPoint.mos","D05","UNDE","UNDE_074","2023-08-24T13:56Z","2023-08-25T00:20Z","UNDE_074.20230824.1920.S.01",,"AEDSPP","Aedes sp.","F",,,"UNDE.2023.34.AEDSPP.F.A",,
"656efba0-807c-4bd8-b6e8-7d7d8b43b978","UNDE_074.mosquitoPoint.mos","D05","UNDE","UNDE_074","2023-08-24T13:56Z","2023-08-25T00:20Z","UNDE_074.20230824.1920.S.01",,"ANOPUN","Anopheles punctipennis","F",,,"UNDE.2023.34.ANOPUN.F.A",,
"be9e7118-2aab-4034-84f0-8657ded66947","UNDE_074.mosquitoPoint.mos","D05","UNDE","UNDE_074","2023-08-24T13:56Z","2023-08-25T00:20Z","UNDE_074.20230824.1920.S.01",,"COQPER","Coquillettidia perturbans","F",,,"UNDE.2023.34.COQPER.F.A",,
"877ed79f-c75d-4f6c-a3de-09a2094ba9d8","UNDE_074.mosquitoPoint.mos","D05","UNDE","UNDE_074","2023-08-24T13:56Z","2023-08-25T00:20Z","UNDE_074.20230824.1920.S.01",,"CULMEL","Culiseta melanura","F",,,"UNDE.2023.34.CULMEL.F.A",,
"08f2eccb-1409-42ae-a6ab-085110471c01","UNDE_076.mosquitoPoint.mos","D05","UNDE","UNDE_076","2023-08-24T14:02Z","2023-08-25T00:25Z","UNDE_076.20230824.1925.S.01",,"AEDSPP","Aedes sp.","F",,,"UNDE.2023.34.AEDSPP.F.A",,
"f5eeda17-684b-40a5-bdd3-4d35a97acf67","UNDE_076.mosquitoPoint.mos","D05","UNDE","UNDE_076","2023-08-24T14:02Z","2023-08-25T00:25Z","UNDE_076.20230824.1925.S.01",,"AEDTRI1","Aedes triseriatus","F",,,"UNDE.2023.34.AEDTRI1.F.A",,
"147f8569-f203-4d63-81c7-cda42c897001","UNDE_076.mosquitoPoint.mos","D05","UNDE","UNDE_076","2023-08-24T14:02Z","2023-08-25T00:25Z","UNDE_076.20230824.1925.S.01",,"AEDSTI1","Aedes stimulans","F",,,"UNDE.2023.34.AEDSTI1.F.A",,
"f194c741-b7bc-443d-a57d-73fdd40e99f2","UNDE_076.mosquitoPoint.mos","D05","UNDE","UNDE_076","2023-08-24T14:02Z","2023-08-25T00:25Z","UNDE_076.20230824.1925.S.01",,"AEDCAN3","Aedes canadensis canadensis","F",,,"UNDE.2023.34.AEDCAN3.F.A",,
"32eca2ee-f84a-4639-9e4c-76b591fcccb4","UNDE_076.mosquitoPoint.mos","D05","UNDE","UNDE_076","2023-08-24T14:02Z","2023-08-25T00:25Z","UNDE_076.20230824.1925.S.01",,"AEDFIT","Aedes fitchii","F",,,"UNDE.2023.34.AEDFIT.F.A",,
"badcc29a-849d-4d45-84f8-b50c6bdb2d67","UNDE_076.mosquitoPoint.mos","D05","UNDE","UNDE_076","2023-08-24T14:02Z","2023-08-25T00:25Z","UNDE_076.20230824.1925.S.01",,"AEDDIA","Aedes diantaeus","F",,,"UNDE.2023.34.AEDDIA.F.A",,
"050875d8-732c-4e5d-a914-9dd9f10dec13","UNDE_076.mosquitoPoint.mos","D05","UNDE","UNDE_076","2023-08-24T14:02Z","2023-08-25T00:25Z","UNDE_076.20230824.1925.S.01",,"AEDCIN","Aedes cinereus","F",,,"UNDE.2023.34.AEDCIN.F.A",,
"a1848dd0-a5bc-4cfa-9be1-cab026da981b","UNDE_076.mosquitoPoint.mos","D05","UNDE","UNDE_076","2023-08-24T14:02Z","2023-08-25T00:25Z","UNDE_076.20230824.1925.S.01",,"AEDPUN","Aedes punctor","F",,,"UNDE.2023.34.AEDPUN.F.A",,
"2798a4ec-d335-4b63-a7a3-d69b81a79c25","UNDE_076.mosquitoPoint.mos","D05","UNDE","UNDE_076","2023-08-24T14:02Z","2023-08-25T00:25Z","UNDE_076.20230824.1925.S.01",,"COQPER","Coquillettidia perturbans","F",,,"UNDE.2023.34.COQPER.F.A",,
"356ca1fe-d5da-491f-82a3-c1cd89633e65","UNDE_076.mosquitoPoint.mos","D05","UNDE","UNDE_076","2023-08-24T14:02Z","2023-08-25T00:25Z","UNDE_076.20230824.1925.S.01",,"ANOPUN","Anopheles punctipennis","F",,,"UNDE.2023.34.ANOPUN.F.A",,
"5db220ac-1748-4d28-a596-d7a105abaadc","UNDE_076.mosquitoPoint.mos","D05","UNDE","UNDE_076","2023-08-24T14:02Z","2023-08-25T00:25Z","UNDE_076.20230824.1925.S.01",,"AEDEXC","Aedes excrucians","F",,,"UNDE.2023.34.AEDEXC.F.A",,
